"../../../Engine/Plugins/2D/Paper2D/Content/PlaceholderTextures/DummySpriteTexture.ubulk" 0
"../../../Engine/Plugins/2D/Paper2D/Content/PlaceholderTextures/DummySpriteTexture.uasset" 1
"../../../Engine/Plugins/2D/Paper2D/Content/PlaceholderTextures/DummySpriteTexture.uexp" 2
"../../../Engine/Plugins/2D/Paper2D/Content/DummySprite.uasset" 3
"../../../Engine/Plugins/2D/Paper2D/Content/DummySprite.uexp" 4
"../../../Engine/Plugins/2D/Paper2D/Content/DefaultPaperTerrainMaterial.uasset" 5
"../../../Engine/Plugins/2D/Paper2D/Content/DefaultPaperTerrainMaterial.uexp" 6
"../../../Engine/Plugins/Interchange/Runtime/Content/Pipelines/DefaultTexturePipeline.uasset" 7
"../../../Engine/Plugins/Interchange/Runtime/Content/Pipelines/DefaultTexturePipeline.uexp" 8
"../../../Engine/Plugins/Interchange/Runtime/Content/Pipelines/DefaultSceneLevelPipeline.uasset" 9
"../../../Engine/Plugins/Interchange/Runtime/Content/Pipelines/DefaultSceneLevelPipeline.uexp" 10
"../../../Engine/Plugins/Interchange/Runtime/Content/Pipelines/DefaultSceneAssetsPipeline.uasset" 11
"../../../Engine/Plugins/Interchange/Runtime/Content/Pipelines/DefaultSceneAssetsPipeline.uexp" 12
"../../../Engine/Plugins/Interchange/Runtime/Content/Pipelines/DefaultMaterialXPipeline.uasset" 13
"../../../Engine/Plugins/Interchange/Runtime/Content/Pipelines/DefaultMaterialXPipeline.uexp" 14
"../../../Engine/Plugins/Interchange/Runtime/Content/Pipelines/DefaultMaterialPipeline.uasset" 15
"../../../Engine/Plugins/Interchange/Runtime/Content/Pipelines/DefaultMaterialPipeline.uexp" 16
"../../../Engine/Plugins/Interchange/Runtime/Content/Pipelines/DefaultGLTFSceneAssetsPipeline.uasset" 17
"../../../Engine/Plugins/Interchange/Runtime/Content/Pipelines/DefaultGLTFSceneAssetsPipeline.uexp" 18
"../../../Engine/Plugins/Interchange/Runtime/Content/Pipelines/DefaultGLTFPipeline.uasset" 19
"../../../Engine/Plugins/Interchange/Runtime/Content/Pipelines/DefaultGLTFPipeline.uexp" 20
"../../../Engine/Plugins/Interchange/Runtime/Content/Pipelines/DefaultGLTFAssetsPipeline.uasset" 21
"../../../Engine/Plugins/Interchange/Runtime/Content/Pipelines/DefaultGLTFAssetsPipeline.uexp" 22
"../../../Engine/Plugins/Interchange/Runtime/Content/Pipelines/DefaultAssetsPipeline.uasset" 23
"../../../Engine/Plugins/Interchange/Runtime/Content/Pipelines/DefaultAssetsPipeline.uexp" 24
"../../../Engine/Plugins/Animation/ControlRig/Content/Controls/DefaultGizmoLibraryNormalized.uasset" 25
"../../../Engine/Plugins/Animation/ControlRig/Content/Controls/DefaultGizmoLibraryNormalized.uexp" 26
"../../../Engine/Content/EngineSounds/Master.uasset" 27
"../../../Engine/Content/EngineSounds/Master.uexp" 28
"../../../Engine/Content/EngineMaterials/DefaultPhysicalMaterial.uasset" 29
"../../../Engine/Content/EngineMaterials/DefaultPhysicalMaterial.uexp" 30
"../../../Engine/Content/EngineMaterials/DefaultDestructiblePhysicalMaterial.uasset" 31
"../../../Engine/Content/EngineMaterials/DefaultDestructiblePhysicalMaterial.uexp" 32
"../../../Engine/Content/EngineFonts/Faces/RobotoLight.uexp" 33
"../../../Engine/Content/EngineFonts/Faces/RobotoLight.uasset" 34
"../../../Engine/Content/EngineFonts/Faces/RobotoLight.ufont" 35
"../../../Engine/Content/EngineFonts/Faces/RobotoBold.uexp" 36
"../../../Engine/Content/EngineFonts/Faces/RobotoBold.uasset" 37
"../../../Engine/Content/EngineFonts/Faces/RobotoBold.ufont" 38
"../../../Engine/Content/EngineFonts/Faces/RobotoRegular.uexp" 39
"../../../Engine/Content/EngineFonts/Faces/RobotoRegular.uasset" 40
"../../../Engine/Content/EngineFonts/Faces/RobotoRegular.ufont" 41
"../../../Engine/Content/EngineFonts/Faces/DroidSansFallback.uexp" 42
"../../../Engine/Content/EngineFonts/Faces/DroidSansFallback.uasset" 43
"../../../Engine/Content/EngineFonts/Faces/DroidSansFallback.ufont" 44
"../../../Engine/Content/EngineFonts/Faces/RobotoItalic.uexp" 45
"../../../Engine/Content/EngineFonts/Faces/RobotoItalic.uasset" 46
"../../../Engine/Content/EngineFonts/Faces/RobotoItalic.ufont" 47
"../../../Engine/Content/EngineFonts/Faces/RobotoBoldItalic.uexp" 48
"../../../Engine/Content/EngineFonts/Faces/RobotoBoldItalic.uasset" 49
"../../../Engine/Content/EngineFonts/Faces/RobotoBoldItalic.ufont" 50
"../../../Engine/Content/EngineFonts/Roboto.uasset" 51
"../../../Engine/Content/EngineFonts/Roboto.uexp" 52
"../../../Engine/Content/MobileResources/HUD/VirtualJoystick_Background.uasset" 53
"../../../Engine/Content/MobileResources/HUD/VirtualJoystick_Background.uexp" 54
"../../../Engine/Content/MobileResources/HUD/VirtualJoystick_Thumb.uasset" 55
"../../../Engine/Content/MobileResources/HUD/VirtualJoystick_Thumb.uexp" 56
"D:/Github/HorrorGameMVP/HorrorMVP/Content/FirstPerson/Input/MobileControls.uasset" 57
"D:/Github/HorrorGameMVP/HorrorMVP/Content/FirstPerson/Input/MobileControls.uexp" 58
"../../../Engine/Content/EditorResources/S_Actor.ubulk" 59
"../../../Engine/Content/EditorResources/S_Actor.uasset" 60
"../../../Engine/Content/EditorResources/S_Actor.uexp" 61
"../../../Engine/Content/EditorResources/S_BoxReflectionCapture.uasset" 62
"../../../Engine/Content/EditorResources/S_BoxReflectionCapture.uexp" 63
"../../../Engine/Content/EngineResources/DefaultTexture.ubulk" 64
"../../../Engine/Content/EngineResources/DefaultTexture.uasset" 65
"../../../Engine/Content/EngineResources/DefaultTexture.uexp" 66
"../../../Engine/Content/EngineResources/DefaultTextureCube.uasset" 67
"../../../Engine/Content/EngineResources/DefaultTextureCube.uexp" 68
"../../../Engine/Plugins/Runtime/AudioWidgets/Content/Resources/ScrubHandleDown_Clamped.uasset" 69
"../../../Engine/Plugins/Runtime/AudioWidgets/Content/Resources/ScrubHandleDown_Clamped.uexp" 70
"../../../Engine/Content/EngineResources/GradientTexture0.uasset" 71
"../../../Engine/Content/EngineResources/GradientTexture0.uexp" 72
"../../../Engine/Content/EngineResources/DefaultVolumeTexture2D.uasset" 73
"../../../Engine/Content/EngineResources/DefaultVolumeTexture2D.uexp" 74
"../../../Engine/Content/EngineResources/DefaultVolumeTexture.uasset" 75
"../../../Engine/Content/EngineResources/DefaultVolumeTexture.uexp" 76
"../../../Engine/Content/EngineMaterials/PreintegratedSkinBRDF.uasset" 77
"../../../Engine/Content/EngineMaterials/PreintegratedSkinBRDF.uexp" 78
"../../../Engine/Content/EngineMaterials/MiniFont.uasset" 79
"../../../Engine/Content/EngineMaterials/MiniFont.uexp" 80
"../../../Engine/Content/EngineMaterials/FastBlueNoise_vec2_128x128x64.uasset" 81
"../../../Engine/Content/EngineMaterials/FastBlueNoise_vec2_128x128x64.uexp" 82
"../../../Engine/Content/EngineMaterials/FastBlueNoise_scalar_128x128x64.uasset" 83
"../../../Engine/Content/EngineMaterials/FastBlueNoise_scalar_128x128x64.uexp" 84
"../../../Engine/Content/EngineMaterials/DefaultWhiteGrid.ubulk" 85
"../../../Engine/Content/EngineMaterials/DefaultWhiteGrid.uasset" 86
"../../../Engine/Content/EngineMaterials/DefaultWhiteGrid.uexp" 87
"../../../Engine/Content/EngineMaterials/DefaultBokeh.uasset" 88
"../../../Engine/Content/EngineMaterials/DefaultBokeh.uexp" 89
"../../../Engine/Content/EngineMaterials/DefaultBloomKernel.uasset" 90
"../../../Engine/Content/EngineMaterials/DefaultBloomKernel.uexp" 91
"../../../Engine/Content/EngineDamageTypes/DmgTypeBP_Environmental.uasset" 92
"../../../Engine/Content/EngineDamageTypes/DmgTypeBP_Environmental.uexp" 93
"../../../Engine/Content/EditorResources/S_TriggerSphere.uasset" 94
"../../../Engine/Content/EditorResources/S_TriggerSphere.uexp" 95
"../../../Engine/Content/EditorResources/S_TriggerCapsule.uasset" 96
"../../../Engine/Content/EditorResources/S_TriggerCapsule.uexp" 97
"../../../Engine/Content/EditorResources/S_TriggerBox.uasset" 98
"../../../Engine/Content/EditorResources/S_TriggerBox.uexp" 99
"../../../Engine/Content/EditorResources/S_Trigger.ubulk" 100
"../../../Engine/Content/EditorResources/S_Trigger.uasset" 101
"../../../Engine/Content/EditorResources/S_Trigger.uexp" 102
"../../../Engine/Content/EditorResources/S_Terrain.ubulk" 103
"../../../Engine/Content/EditorResources/S_Terrain.uasset" 104
"../../../Engine/Content/EditorResources/S_Terrain.uexp" 105
"../../../Engine/Content/EditorResources/S_Solver.ubulk" 106
"../../../Engine/Content/EditorResources/S_Solver.uasset" 107
"../../../Engine/Content/EditorResources/S_Solver.uexp" 108
"../../../Engine/Content/EditorResources/EmptyActor.uasset" 109
"../../../Engine/Content/EditorResources/EmptyActor.uexp" 110
"../../../Engine/Content/EditorResources/BSPVertex.uasset" 111
"../../../Engine/Content/EditorResources/BSPVertex.uexp" 112
"../../../Engine/Content/EditorLandscapeResources/DefaultAlphaTexture.uasset" 113
"../../../Engine/Content/EditorLandscapeResources/DefaultAlphaTexture.uexp" 114
"D:/Github/HorrorGameMVP/HorrorMVP/Content/SFX/GRITO-DE-DOLOR-MUJER-TERROR-Y-MIEDO-EFECTO-DE-SONIDO-ALPsounds-SCREAM-TERROR-FEAR-AND-PAIN.ubulk" 115
"D:/Github/HorrorGameMVP/HorrorMVP/Content/SFX/GRITO-DE-DOLOR-MUJER-TERROR-Y-MIEDO-EFECTO-DE-SONIDO-ALPsounds-SCREAM-TERROR-FEAR-AND-PAIN.uasset" 116
"D:/Github/HorrorGameMVP/HorrorMVP/Content/SFX/GRITO-DE-DOLOR-MUJER-TERROR-Y-MIEDO-EFECTO-DE-SONIDO-ALPsounds-SCREAM-TERROR-FEAR-AND-PAIN.uexp" 117
"D:/Github/HorrorGameMVP/HorrorMVP/Content/Headbob/BP_Idle.uasset" 118
"D:/Github/HorrorGameMVP/HorrorMVP/Content/Headbob/BP_Idle.uexp" 119
"D:/Github/HorrorGameMVP/HorrorMVP/Content/FirstPerson/Input/Actions/IA_Look.uasset" 120
"D:/Github/HorrorGameMVP/HorrorMVP/Content/FirstPerson/Input/Actions/IA_Look.uexp" 121
"D:/Github/HorrorGameMVP/HorrorMVP/Content/IA/Service/BTService_RandomLocation.uasset" 122
"D:/Github/HorrorGameMVP/HorrorMVP/Content/IA/Service/BTService_RandomLocation.uexp" 123
"D:/Github/HorrorGameMVP/HorrorMVP/Content/IA/Blackboard/BB_Enemy.uasset" 124
"D:/Github/HorrorGameMVP/HorrorMVP/Content/IA/Blackboard/BB_Enemy.uexp" 125
"../../../Engine/Plugins/Animation/ACLPlugin/Content/ACLAnimBoneCompressionSettings.uasset" 126
"../../../Engine/Plugins/Animation/ACLPlugin/Content/ACLAnimBoneCompressionSettings.uexp" 127
"../../../Engine/Content/Animation/DefaultVariableFrameStrippingSettings.uasset" 128
"../../../Engine/Content/Animation/DefaultVariableFrameStrippingSettings.uexp" 129
"D:/Github/HorrorGameMVP/HorrorMVP/Content/Modelos/Enemigo2/MaThanVong2_Skeleton.uasset" 130
"D:/Github/HorrorGameMVP/HorrorMVP/Content/Modelos/Enemigo2/MaThanVong2_Skeleton.uexp" 131
"../../../Engine/Plugins/Animation/ACLPlugin/Content/ACLAnimCurveCompressionSettings.uasset" 132
"../../../Engine/Plugins/Animation/ACLPlugin/Content/ACLAnimCurveCompressionSettings.uexp" 133
"D:/Github/HorrorGameMVP/HorrorMVP/Content/Modelos/Enemigo2/Attack1.uasset" 134
"D:/Github/HorrorGameMVP/HorrorMVP/Content/Modelos/Enemigo2/Attack1.uexp" 135
"D:/Github/HorrorGameMVP/HorrorMVP/Content/Modelos/Enemigo2/AM_Attack.uasset" 136
"D:/Github/HorrorGameMVP/HorrorMVP/Content/Modelos/Enemigo2/AM_Attack.uexp" 137
"D:/Github/HorrorGameMVP/HorrorMVP/Content/IA/Tasks/BTTask_Attack.uasset" 138
"D:/Github/HorrorGameMVP/HorrorMVP/Content/IA/Tasks/BTTask_Attack.uexp" 139
"D:/Github/HorrorGameMVP/HorrorMVP/Content/IA/Behaviour/BT_Enemy.uasset" 140
"D:/Github/HorrorGameMVP/HorrorMVP/Content/IA/Behaviour/BT_Enemy.uexp" 141
"../../../Engine/Content/EditorBlueprintResources/StandardMacros.uasset" 142
"../../../Engine/Content/EditorBlueprintResources/StandardMacros.uexp" 143
"D:/Github/HorrorGameMVP/HorrorMVP/Content/IA/Controller/AIC_Enemy.uasset" 144
"D:/Github/HorrorGameMVP/HorrorMVP/Content/IA/Controller/AIC_Enemy.uexp" 145
"D:/Github/HorrorGameMVP/HorrorMVP/Content/Modelos/Enemigo2/MaThanVong2_PhysicsAsset.uasset" 146
"D:/Github/HorrorGameMVP/HorrorMVP/Content/Modelos/Enemigo2/MaThanVong2_PhysicsAsset.uexp" 147
"../../../Engine/Content/Functions/Engine_MaterialFunctions02/Utility/BreakOutFloat3Components.uasset" 148
"../../../Engine/Content/Functions/Engine_MaterialFunctions02/Utility/BreakOutFloat3Components.uexp" 149
"../../../Engine/Content/Functions/Engine_MaterialFunctions02/Math/Transform3x3Matrix.uasset" 150
"../../../Engine/Content/Functions/Engine_MaterialFunctions02/Math/Transform3x3Matrix.uexp" 151
"../../../Engine/Plugins/Interchange/Assets/Content/Utilities/New_LUT.uasset" 152
"../../../Engine/Plugins/Interchange/Assets/Content/Utilities/New_LUT.uexp" 153
"../../../Engine/Plugins/Interchange/Assets/Content/gltf/Textures/T_White_srgb.uasset" 154
"../../../Engine/Plugins/Interchange/Assets/Content/gltf/Textures/T_White_srgb.uexp" 155
"../../../Engine/Plugins/Interchange/Assets/Content/gltf/MaterialFunctions/MF_Specular.uasset" 156
"../../../Engine/Plugins/Interchange/Assets/Content/gltf/MaterialFunctions/MF_Specular.uexp" 157
"../../../Engine/Plugins/Interchange/Assets/Content/gltf/Textures/T_Anisotropy_Direction_Linear.uasset" 158
"../../../Engine/Plugins/Interchange/Assets/Content/gltf/Textures/T_Anisotropy_Direction_Linear.uexp" 159
"../../../Engine/Plugins/Interchange/Assets/Content/gltf/MaterialFunctions/MF_SpecularAnisotropy.uasset" 160
"../../../Engine/Plugins/Interchange/Assets/Content/gltf/MaterialFunctions/MF_SpecularAnisotropy.uexp" 161
"../../../Engine/Plugins/Interchange/Assets/Content/gltf/Textures/T_White_Linear.uasset" 162
"../../../Engine/Plugins/Interchange/Assets/Content/gltf/Textures/T_White_Linear.uexp" 163
"../../../Engine/Plugins/Interchange/Assets/Content/gltf/MaterialFunctions/MF_MetallicRoughness.uasset" 164
"../../../Engine/Plugins/Interchange/Assets/Content/gltf/MaterialFunctions/MF_MetallicRoughness.uexp" 165
"../../../Engine/Plugins/Interchange/Assets/Content/gltf/Textures/T_Generic_N.uasset" 166
"../../../Engine/Plugins/Interchange/Assets/Content/gltf/Textures/T_Generic_N.uexp" 167
"../../../Engine/Content/Functions/Engine_MaterialFunctions02/Utility/MakeFloat3.uasset" 168
"../../../Engine/Content/Functions/Engine_MaterialFunctions02/Utility/MakeFloat3.uexp" 169
"../../../Engine/Plugins/Interchange/Assets/Content/gltf/MaterialFunctions/MF_ScaleNormal.uasset" 170
"../../../Engine/Plugins/Interchange/Assets/Content/gltf/MaterialFunctions/MF_ScaleNormal.uexp" 171
"../../../Engine/Plugins/Interchange/Assets/Content/gltf/MaterialFunctions/MF_BaseColor.uasset" 172
"../../../Engine/Plugins/Interchange/Assets/Content/gltf/MaterialFunctions/MF_BaseColor.uexp" 173
"../../../Engine/Content/Functions/Engine_MaterialFunctions03/Math/RemapValueRange.uasset" 174
"../../../Engine/Content/Functions/Engine_MaterialFunctions03/Math/RemapValueRange.uexp" 175
"../../../Engine/Plugins/Interchange/Assets/Content/Functions/MF_Iridescence.uasset" 176
"../../../Engine/Plugins/Interchange/Assets/Content/Functions/MF_Iridescence.uexp" 177
"../../../Engine/Plugins/Interchange/Assets/Content/gltf/MaterialFunctions/MF_Iridescence.uasset" 178
"../../../Engine/Plugins/Interchange/Assets/Content/gltf/MaterialFunctions/MF_Iridescence.uexp" 179
"../../../Engine/Plugins/Interchange/Assets/Content/gltf/MaterialFunctions/MF_Occlusion.uasset" 180
"../../../Engine/Plugins/Interchange/Assets/Content/gltf/MaterialFunctions/MF_Occlusion.uexp" 181
"../../../Engine/Plugins/Interchange/Assets/Content/gltf/MaterialFunctions/MF_IOR.uasset" 182
"../../../Engine/Plugins/Interchange/Assets/Content/gltf/MaterialFunctions/MF_IOR.uexp" 183
"../../../Engine/Plugins/Interchange/Assets/Content/gltf/MaterialFunctions/MF_RotateV2.uasset" 184
"../../../Engine/Plugins/Interchange/Assets/Content/gltf/MaterialFunctions/MF_RotateV2.uexp" 185
"../../../Engine/Plugins/Interchange/Assets/Content/gltf/MaterialFunctions/MF_TransformUVs.uasset" 186
"../../../Engine/Plugins/Interchange/Assets/Content/gltf/MaterialFunctions/MF_TransformUVs.uexp" 187
"../../../Engine/Plugins/Interchange/Assets/Content/gltf/MaterialFunctions/MF_Emissive.uasset" 188
"../../../Engine/Plugins/Interchange/Assets/Content/gltf/MaterialFunctions/MF_Emissive.uexp" 189
"../../../Engine/Plugins/Interchange/Assets/Content/gltf/MaterialFunctions/MF_RotateNormals_TS.uasset" 190
"../../../Engine/Plugins/Interchange/Assets/Content/gltf/MaterialFunctions/MF_RotateNormals_TS.uexp" 191
"../../../Engine/Plugins/Interchange/Assets/Content/gltf/MaterialFunctions/MF_Normals.uasset" 192
"../../../Engine/Plugins/Interchange/Assets/Content/gltf/MaterialFunctions/MF_Normals.uexp" 193
"../../../Engine/Plugins/Interchange/Assets/Content/gltf/MaterialBodies/MF_Default_Body.uasset" 194
"../../../Engine/Plugins/Interchange/Assets/Content/gltf/MaterialBodies/MF_Default_Body.uexp" 195
"../../../Engine/Plugins/Interchange/Assets/Content/gltf/M_Default.uasset" 196
"../../../Engine/Plugins/Interchange/Assets/Content/gltf/M_Default.uexp" 197
"../../../Engine/Plugins/Interchange/Assets/Content/gltf/MaterialInstances/MI_Default_Opaque.uasset" 198
"../../../Engine/Plugins/Interchange/Assets/Content/gltf/MaterialInstances/MI_Default_Opaque.uexp" 199
"D:/Github/HorrorGameMVP/HorrorMVP/Content/Modelos/Enemigo2/texture_5_jpg.ubulk" 200
"D:/Github/HorrorGameMVP/HorrorMVP/Content/Modelos/Enemigo2/texture_5_jpg.uasset" 201
"D:/Github/HorrorGameMVP/HorrorMVP/Content/Modelos/Enemigo2/texture_5_jpg.uexp" 202
"D:/Github/HorrorGameMVP/HorrorMVP/Content/Modelos/Enemigo2/material0004.uasset" 203
"D:/Github/HorrorGameMVP/HorrorMVP/Content/Modelos/Enemigo2/material0004.uexp" 204
"D:/Github/HorrorGameMVP/HorrorMVP/Content/Modelos/Enemigo2/texture_1_jpg.ubulk" 205
"D:/Github/HorrorGameMVP/HorrorMVP/Content/Modelos/Enemigo2/texture_1_jpg.uasset" 206
"D:/Github/HorrorGameMVP/HorrorMVP/Content/Modelos/Enemigo2/texture_1_jpg.uexp" 207
"D:/Github/HorrorGameMVP/HorrorMVP/Content/Modelos/Enemigo2/texture_2_jpg.ubulk" 208
"D:/Github/HorrorGameMVP/HorrorMVP/Content/Modelos/Enemigo2/texture_2_jpg.uasset" 209
"D:/Github/HorrorGameMVP/HorrorMVP/Content/Modelos/Enemigo2/texture_2_jpg.uexp" 210
"D:/Github/HorrorGameMVP/HorrorMVP/Content/Modelos/Enemigo2/material0002.uasset" 211
"D:/Github/HorrorGameMVP/HorrorMVP/Content/Modelos/Enemigo2/material0002.uexp" 212
"D:/Github/HorrorGameMVP/HorrorMVP/Content/Modelos/Enemigo2/texture_8_jpg.ubulk" 213
"D:/Github/HorrorGameMVP/HorrorMVP/Content/Modelos/Enemigo2/texture_8_jpg.uasset" 214
"D:/Github/HorrorGameMVP/HorrorMVP/Content/Modelos/Enemigo2/texture_8_jpg.uexp" 215
"D:/Github/HorrorGameMVP/HorrorMVP/Content/Modelos/Enemigo2/material0006.uasset" 216
"D:/Github/HorrorGameMVP/HorrorMVP/Content/Modelos/Enemigo2/material0006.uexp" 217
"D:/Github/HorrorGameMVP/HorrorMVP/Content/Modelos/Enemigo2/texture_6_jpg.ubulk" 218
"D:/Github/HorrorGameMVP/HorrorMVP/Content/Modelos/Enemigo2/texture_6_jpg.uasset" 219
"D:/Github/HorrorGameMVP/HorrorMVP/Content/Modelos/Enemigo2/texture_6_jpg.uexp" 220
"D:/Github/HorrorGameMVP/HorrorMVP/Content/Modelos/Enemigo2/texture_7_jpg.ubulk" 221
"D:/Github/HorrorGameMVP/HorrorMVP/Content/Modelos/Enemigo2/texture_7_jpg.uasset" 222
"D:/Github/HorrorGameMVP/HorrorMVP/Content/Modelos/Enemigo2/texture_7_jpg.uexp" 223
"D:/Github/HorrorGameMVP/HorrorMVP/Content/Modelos/Enemigo2/material0005.uasset" 224
"D:/Github/HorrorGameMVP/HorrorMVP/Content/Modelos/Enemigo2/material0005.uexp" 225
"../../../Engine/Plugins/Interchange/Assets/Content/gltf/MaterialInstances/MI_Default_Blend.uasset" 226
"../../../Engine/Plugins/Interchange/Assets/Content/gltf/MaterialInstances/MI_Default_Blend.uexp" 227
"D:/Github/HorrorGameMVP/HorrorMVP/Content/Modelos/Enemigo2/texture_0_png.ubulk" 228
"D:/Github/HorrorGameMVP/HorrorMVP/Content/Modelos/Enemigo2/texture_0_png.uasset" 229
"D:/Github/HorrorGameMVP/HorrorMVP/Content/Modelos/Enemigo2/texture_0_png.uexp" 230
"D:/Github/HorrorGameMVP/HorrorMVP/Content/Modelos/Enemigo2/material0000.uasset" 231
"D:/Github/HorrorGameMVP/HorrorMVP/Content/Modelos/Enemigo2/material0000.uexp" 232
"D:/Github/HorrorGameMVP/HorrorMVP/Content/Modelos/Enemigo2/texture_4_jpg.ubulk" 233
"D:/Github/HorrorGameMVP/HorrorMVP/Content/Modelos/Enemigo2/texture_4_jpg.uasset" 234
"D:/Github/HorrorGameMVP/HorrorMVP/Content/Modelos/Enemigo2/texture_4_jpg.uexp" 235
"D:/Github/HorrorGameMVP/HorrorMVP/Content/Modelos/Enemigo2/texture_3_jpg.ubulk" 236
"D:/Github/HorrorGameMVP/HorrorMVP/Content/Modelos/Enemigo2/texture_3_jpg.uasset" 237
"D:/Github/HorrorGameMVP/HorrorMVP/Content/Modelos/Enemigo2/texture_3_jpg.uexp" 238
"D:/Github/HorrorGameMVP/HorrorMVP/Content/Modelos/Enemigo2/material0003.uasset" 239
"D:/Github/HorrorGameMVP/HorrorMVP/Content/Modelos/Enemigo2/material0003.uexp" 240
"D:/Github/HorrorGameMVP/HorrorMVP/Content/Modelos/Enemigo2/texture_10_png.ubulk" 241
"D:/Github/HorrorGameMVP/HorrorMVP/Content/Modelos/Enemigo2/texture_10_png.uasset" 242
"D:/Github/HorrorGameMVP/HorrorMVP/Content/Modelos/Enemigo2/texture_10_png.uexp" 243
"D:/Github/HorrorGameMVP/HorrorMVP/Content/Modelos/Enemigo2/material0008.uasset" 244
"D:/Github/HorrorGameMVP/HorrorMVP/Content/Modelos/Enemigo2/material0008.uexp" 245
"D:/Github/HorrorGameMVP/HorrorMVP/Content/Modelos/Enemigo2/MaThanVong2.uasset" 246
"D:/Github/HorrorGameMVP/HorrorMVP/Content/Modelos/Enemigo2/MaThanVong2.uexp" 247
"D:/Github/HorrorGameMVP/HorrorMVP/Content/FirstPerson/Input/Actions/IA_Move.uasset" 248
"D:/Github/HorrorGameMVP/HorrorMVP/Content/FirstPerson/Input/Actions/IA_Move.uexp" 249
"D:/Github/HorrorGameMVP/HorrorMVP/Content/FirstPerson/Input/Actions/IA_Linterna.uasset" 250
"D:/Github/HorrorGameMVP/HorrorMVP/Content/FirstPerson/Input/Actions/IA_Linterna.uexp" 251
"D:/Github/HorrorGameMVP/HorrorMVP/Content/FirstPerson/Input/Actions/IA_Jump.uasset" 252
"D:/Github/HorrorGameMVP/HorrorMVP/Content/FirstPerson/Input/Actions/IA_Jump.uexp" 253
"D:/Github/HorrorGameMVP/HorrorMVP/Content/FirstPerson/Input/IMC_Default.uasset" 254
"D:/Github/HorrorGameMVP/HorrorMVP/Content/FirstPerson/Input/IMC_Default.uexp" 255
"D:/Github/HorrorGameMVP/HorrorMVP/Content/Modelos/Enemigo2/Idle.uasset" 256
"D:/Github/HorrorGameMVP/HorrorMVP/Content/Modelos/Enemigo2/Idle.uexp" 257
"D:/Github/HorrorGameMVP/HorrorMVP/Content/Modelos/Enemigo2/Run.uasset" 258
"D:/Github/HorrorGameMVP/HorrorMVP/Content/Modelos/Enemigo2/Run.uexp" 259
"D:/Github/HorrorGameMVP/HorrorMVP/Content/Modelos/Enemigo2/NewBlendSpace1D.uasset" 260
"D:/Github/HorrorGameMVP/HorrorMVP/Content/Modelos/Enemigo2/NewBlendSpace1D.uexp" 261
"D:/Github/HorrorGameMVP/HorrorMVP/Content/Modelos/Enemigo2/AB_enemy.uasset" 262
"D:/Github/HorrorGameMVP/HorrorMVP/Content/Modelos/Enemigo2/AB_enemy.uexp" 263
"D:/Github/HorrorGameMVP/HorrorMVP/Content/IA/BP/BP_Enemy.uasset" 264
"D:/Github/HorrorGameMVP/HorrorMVP/Content/IA/BP/BP_Enemy.uexp" 265
"D:/Github/HorrorGameMVP/HorrorMVP/Content/FirstPersonArms/Character/Textures/Manny/T_Manny_02_N.ubulk" 266
"D:/Github/HorrorGameMVP/HorrorMVP/Content/FirstPersonArms/Character/Textures/Manny/T_Manny_02_N.uasset" 267
"D:/Github/HorrorGameMVP/HorrorMVP/Content/FirstPersonArms/Character/Textures/Manny/T_Manny_02_N.uexp" 268
"D:/Github/HorrorGameMVP/HorrorMVP/Content/FirstPersonArms/Character/Textures/Manny/T_Manny_02_BN.ubulk" 269
"D:/Github/HorrorGameMVP/HorrorMVP/Content/FirstPersonArms/Character/Textures/Manny/T_Manny_02_BN.uasset" 270
"D:/Github/HorrorGameMVP/HorrorMVP/Content/FirstPersonArms/Character/Textures/Manny/T_Manny_02_BN.uexp" 271
"D:/Github/HorrorGameMVP/HorrorMVP/Content/FirstPersonArms/Character/Textures/Manny/T_Manny_02_ASAOPMASK_MSK.ubulk" 272
"D:/Github/HorrorGameMVP/HorrorMVP/Content/FirstPersonArms/Character/Textures/Manny/T_Manny_02_ASAOPMASK_MSK.uasset" 273
"D:/Github/HorrorGameMVP/HorrorMVP/Content/FirstPersonArms/Character/Textures/Manny/T_Manny_02_ASAOPMASK_MSK.uexp" 274
"D:/Github/HorrorGameMVP/HorrorMVP/Content/FirstPersonArms/Character/Textures/Manny/T_Manny_01_ASAOPMASK_MSK.ubulk" 275
"D:/Github/HorrorGameMVP/HorrorMVP/Content/FirstPersonArms/Character/Textures/Manny/T_Manny_01_ASAOPMASK_MSK.uasset" 276
"D:/Github/HorrorGameMVP/HorrorMVP/Content/FirstPersonArms/Character/Textures/Manny/T_Manny_01_ASAOPMASK_MSK.uexp" 277
"D:/Github/HorrorGameMVP/HorrorMVP/Content/FirstPersonArms/Character/Textures/Manny/T_Manny_01_CCRCCPlastic_MSK.ubulk" 278
"D:/Github/HorrorGameMVP/HorrorMVP/Content/FirstPersonArms/Character/Textures/Manny/T_Manny_01_CCRCCPlastic_MSK.uasset" 279
"D:/Github/HorrorGameMVP/HorrorMVP/Content/FirstPersonArms/Character/Textures/Manny/T_Manny_01_CCRCCPlastic_MSK.uexp" 280
"D:/Github/HorrorGameMVP/HorrorMVP/Content/FirstPersonArms/Character/Textures/Manny/T_Manny_01_Tan.ubulk" 281
"D:/Github/HorrorGameMVP/HorrorMVP/Content/FirstPersonArms/Character/Textures/Manny/T_Manny_01_Tan.uasset" 282
"D:/Github/HorrorGameMVP/HorrorMVP/Content/FirstPersonArms/Character/Textures/Manny/T_Manny_01_Tan.uexp" 283
"D:/Github/HorrorGameMVP/HorrorMVP/Content/FirstPersonArms/Character/Textures/Manny/T_Manny_01_BN.ubulk" 284
"D:/Github/HorrorGameMVP/HorrorMVP/Content/FirstPersonArms/Character/Textures/Manny/T_Manny_01_BN.uasset" 285
"D:/Github/HorrorGameMVP/HorrorMVP/Content/FirstPersonArms/Character/Textures/Manny/T_Manny_01_BN.uexp" 286
"D:/Github/HorrorGameMVP/HorrorMVP/Content/FirstPersonArms/Character/Textures/Manny/T_Manny_01_MSR_MSK.ubulk" 287
"D:/Github/HorrorGameMVP/HorrorMVP/Content/FirstPersonArms/Character/Textures/Manny/T_Manny_01_MSR_MSK.uasset" 288
"D:/Github/HorrorGameMVP/HorrorMVP/Content/FirstPersonArms/Character/Textures/Manny/T_Manny_01_MSR_MSK.uexp" 289
"D:/Github/HorrorGameMVP/HorrorMVP/Content/FirstPersonArms/Character/Textures/Manny/T_Manny_01_N.ubulk" 290
"D:/Github/HorrorGameMVP/HorrorMVP/Content/FirstPersonArms/Character/Textures/Manny/T_Manny_01_N.uasset" 291
"D:/Github/HorrorGameMVP/HorrorMVP/Content/FirstPersonArms/Character/Textures/Manny/T_Manny_01_N.uexp" 292
"D:/Github/HorrorGameMVP/HorrorMVP/Content/FirstPersonArms/Character/Textures/Manny/T_Manny_01_D.ubulk" 293
"D:/Github/HorrorGameMVP/HorrorMVP/Content/FirstPersonArms/Character/Textures/Manny/T_Manny_01_D.uasset" 294
"D:/Github/HorrorGameMVP/HorrorMVP/Content/FirstPersonArms/Character/Textures/Manny/T_Manny_01_D.uexp" 295
"D:/Github/HorrorGameMVP/HorrorMVP/Content/FirstPersonArms/Character/Materials/Functions/ChromaticCurve.uasset" 296
"D:/Github/HorrorGameMVP/HorrorMVP/Content/FirstPersonArms/Character/Materials/Functions/ChromaticCurve.uexp" 297
"D:/Github/HorrorGameMVP/HorrorMVP/Content/FirstPersonArms/Character/Materials/Functions/CA_Mannequin.uasset" 298
"D:/Github/HorrorGameMVP/HorrorMVP/Content/FirstPersonArms/Character/Materials/Functions/CA_Mannequin.uexp" 299
"D:/Github/HorrorGameMVP/HorrorMVP/Content/FirstPersonArms/Character/Materials/Functions/MF_Diffraction.uasset" 300
"D:/Github/HorrorGameMVP/HorrorMVP/Content/FirstPersonArms/Character/Materials/Functions/MF_Diffraction.uexp" 301
"../../../Engine/Content/Functions/Engine_MaterialFunctions02/Utility/BreakOutFloat2Components.uasset" 302
"../../../Engine/Content/Functions/Engine_MaterialFunctions02/Utility/BreakOutFloat2Components.uexp" 303
"../../../Engine/Content/Functions/Engine_MaterialFunctions01/Texturing/ScaleUVsByCenter.uasset" 304
"../../../Engine/Content/Functions/Engine_MaterialFunctions01/Texturing/ScaleUVsByCenter.uexp" 305
"D:/Github/HorrorGameMVP/HorrorMVP/Content/FirstPersonArms/Character/Textures/Shared/T_UE_Logo_M.uasset" 306
"D:/Github/HorrorGameMVP/HorrorMVP/Content/FirstPersonArms/Character/Textures/Shared/T_UE_Logo_M.uexp" 307
"D:/Github/HorrorGameMVP/HorrorMVP/Content/FirstPersonArms/Character/Materials/Functions/MF_logo3layers.uasset" 308
"D:/Github/HorrorGameMVP/HorrorMVP/Content/FirstPersonArms/Character/Materials/Functions/MF_logo3layers.uexp" 309
"D:/Github/HorrorGameMVP/HorrorMVP/Content/FirstPersonArms/Character/Materials/Functions/ML_BaseColorFallOff.uasset" 310
"D:/Github/HorrorGameMVP/HorrorMVP/Content/FirstPersonArms/Character/Materials/Functions/ML_BaseColorFallOff.uexp" 311
"D:/Github/HorrorGameMVP/HorrorMVP/Content/FirstPersonArms/Character/Materials/M_Mannequin.uasset" 312
"D:/Github/HorrorGameMVP/HorrorMVP/Content/FirstPersonArms/Character/Materials/M_Mannequin.uexp" 313
"D:/Github/HorrorGameMVP/HorrorMVP/Content/FirstPersonArms/Character/Materials/Instances/Manny/MI_Manny_01.uasset" 314
"D:/Github/HorrorGameMVP/HorrorMVP/Content/FirstPersonArms/Character/Materials/Instances/Manny/MI_Manny_01.uexp" 315
"D:/Github/HorrorGameMVP/HorrorMVP/Content/FirstPersonArms/Character/Textures/Manny/T_Manny_02_CCRCCPlastic_MSK.ubulk" 316
"D:/Github/HorrorGameMVP/HorrorMVP/Content/FirstPersonArms/Character/Textures/Manny/T_Manny_02_CCRCCPlastic_MSK.uasset" 317
"D:/Github/HorrorGameMVP/HorrorMVP/Content/FirstPersonArms/Character/Textures/Manny/T_Manny_02_CCRCCPlastic_MSK.uexp" 318
"D:/Github/HorrorGameMVP/HorrorMVP/Content/FirstPersonArms/Character/Textures/Manny/T_Manny_02_MSR_MSK.ubulk" 319
"D:/Github/HorrorGameMVP/HorrorMVP/Content/FirstPersonArms/Character/Textures/Manny/T_Manny_02_MSR_MSK.uasset" 320
"D:/Github/HorrorGameMVP/HorrorMVP/Content/FirstPersonArms/Character/Textures/Manny/T_Manny_02_MSR_MSK.uexp" 321
"D:/Github/HorrorGameMVP/HorrorMVP/Content/FirstPersonArms/Character/Textures/Manny/T_Manny_02_D.ubulk" 322
"D:/Github/HorrorGameMVP/HorrorMVP/Content/FirstPersonArms/Character/Textures/Manny/T_Manny_02_D.uasset" 323
"D:/Github/HorrorGameMVP/HorrorMVP/Content/FirstPersonArms/Character/Textures/Manny/T_Manny_02_D.uexp" 324
"D:/Github/HorrorGameMVP/HorrorMVP/Content/FirstPersonArms/Character/Textures/Manny/T_Manny_02_Tan.ubulk" 325
"D:/Github/HorrorGameMVP/HorrorMVP/Content/FirstPersonArms/Character/Textures/Manny/T_Manny_02_Tan.uasset" 326
"D:/Github/HorrorGameMVP/HorrorMVP/Content/FirstPersonArms/Character/Textures/Manny/T_Manny_02_Tan.uexp" 327
"D:/Github/HorrorGameMVP/HorrorMVP/Content/FirstPersonArms/Character/Materials/Instances/Manny/MI_Manny_02.uasset" 328
"D:/Github/HorrorGameMVP/HorrorMVP/Content/FirstPersonArms/Character/Materials/Instances/Manny/MI_Manny_02.uexp" 329
"D:/Github/HorrorGameMVP/HorrorMVP/Content/FirstPersonArms/Character/Mesh/SK_Mannequin_Arms_PhysicsAsset.uasset" 330
"D:/Github/HorrorGameMVP/HorrorMVP/Content/FirstPersonArms/Character/Mesh/SK_Mannequin_Arms_PhysicsAsset.uexp" 331
"D:/Github/HorrorGameMVP/HorrorMVP/Content/FirstPersonArms/Character/Mesh/SK_Mannequin_Arms_Skeleton.uasset" 332
"D:/Github/HorrorGameMVP/HorrorMVP/Content/FirstPersonArms/Character/Mesh/SK_Mannequin_Arms_Skeleton.uexp" 333
"D:/Github/HorrorGameMVP/HorrorMVP/Content/FirstPersonArms/Character/Mesh/SK_Mannequin_Arms.uasset" 334
"D:/Github/HorrorGameMVP/HorrorMVP/Content/FirstPersonArms/Character/Mesh/SK_Mannequin_Arms.uexp" 335
"D:/Github/HorrorGameMVP/HorrorMVP/Content/Headbob/BP_Walk.uasset" 336
"D:/Github/HorrorGameMVP/HorrorMVP/Content/Headbob/BP_Walk.uexp" 337
"../../../Engine/Plugins/Interchange/Assets/Content/gltf/MaterialInstances/MI_Default_Opaque_DS.uasset" 338
"../../../Engine/Plugins/Interchange/Assets/Content/gltf/MaterialInstances/MI_Default_Opaque_DS.uexp" 339
"D:/Github/HorrorGameMVP/HorrorMVP/Content/Recursos/Linterna/horror_game_flashlight_download_game-ready__1__texture_0.ubulk" 340
"D:/Github/HorrorGameMVP/HorrorMVP/Content/Recursos/Linterna/horror_game_flashlight_download_game-ready__1__texture_0.uasset" 341
"D:/Github/HorrorGameMVP/HorrorMVP/Content/Recursos/Linterna/horror_game_flashlight_download_game-ready__1__texture_0.uexp" 342
"D:/Github/HorrorGameMVP/HorrorMVP/Content/Recursos/Linterna/horror_game_flashlight_download_game-ready__1__texture_1.ubulk" 343
"D:/Github/HorrorGameMVP/HorrorMVP/Content/Recursos/Linterna/horror_game_flashlight_download_game-ready__1__texture_1.uasset" 344
"D:/Github/HorrorGameMVP/HorrorMVP/Content/Recursos/Linterna/horror_game_flashlight_download_game-ready__1__texture_1.uexp" 345
"D:/Github/HorrorGameMVP/HorrorMVP/Content/Recursos/Linterna/horror_game_flashlight_download_game-ready__1__texture_2.ubulk" 346
"D:/Github/HorrorGameMVP/HorrorMVP/Content/Recursos/Linterna/horror_game_flashlight_download_game-ready__1__texture_2.uasset" 347
"D:/Github/HorrorGameMVP/HorrorMVP/Content/Recursos/Linterna/horror_game_flashlight_download_game-ready__1__texture_2.uexp" 348
"D:/Github/HorrorGameMVP/HorrorMVP/Content/Recursos/Linterna/horror_game_flashlight_download_game-ready__1__texture_3.ubulk" 349
"D:/Github/HorrorGameMVP/HorrorMVP/Content/Recursos/Linterna/horror_game_flashlight_download_game-ready__1__texture_3.uasset" 350
"D:/Github/HorrorGameMVP/HorrorMVP/Content/Recursos/Linterna/horror_game_flashlight_download_game-ready__1__texture_3.uexp" 351
"D:/Github/HorrorGameMVP/HorrorMVP/Content/Recursos/Linterna/DefaultMaterial.uasset" 352
"D:/Github/HorrorGameMVP/HorrorMVP/Content/Recursos/Linterna/DefaultMaterial.uexp" 353
"D:/Github/HorrorGameMVP/HorrorMVP/Content/Recursos/Linterna/defaultMaterial1.ubulk" 354
"D:/Github/HorrorGameMVP/HorrorMVP/Content/Recursos/Linterna/defaultMaterial1.uasset" 355
"D:/Github/HorrorGameMVP/HorrorMVP/Content/Recursos/Linterna/defaultMaterial1.uexp" 356
"D:/Github/HorrorGameMVP/HorrorMVP/Content/Headbob/BP_Run.uasset" 357
"D:/Github/HorrorGameMVP/HorrorMVP/Content/Headbob/BP_Run.uexp" 358
"D:/Github/HorrorGameMVP/HorrorMVP/Content/Recursos/Linterna/luz.uasset" 359
"D:/Github/HorrorGameMVP/HorrorMVP/Content/Recursos/Linterna/luz.uexp" 360
"D:/Github/HorrorGameMVP/HorrorMVP/Content/Recursos/Linterna/M_Linterna.uasset" 361
"D:/Github/HorrorGameMVP/HorrorMVP/Content/Recursos/Linterna/M_Linterna.uexp" 362
"../../../Engine/Content/Animation/DefaultAnimCurveCompressionSettings.uasset" 363
"../../../Engine/Content/Animation/DefaultAnimCurveCompressionSettings.uexp" 364
"../../../Engine/Content/Animation/DefaultAnimBoneCompressionSettings.uasset" 365
"../../../Engine/Content/Animation/DefaultAnimBoneCompressionSettings.uexp" 366
"D:/Github/HorrorGameMVP/HorrorMVP/Content/FirstPersonArms/Animations/FP_Rifle_Idle.uasset" 367
"D:/Github/HorrorGameMVP/HorrorMVP/Content/FirstPersonArms/Animations/FP_Rifle_Idle.uexp" 368
"D:/Github/HorrorGameMVP/HorrorMVP/Content/FirstPersonArms/Animations/FP_Rifle_Land.uasset" 369
"D:/Github/HorrorGameMVP/HorrorMVP/Content/FirstPersonArms/Animations/FP_Rifle_Land.uexp" 370
"D:/Github/HorrorGameMVP/HorrorMVP/Content/FirstPersonArms/Animations/FP_Rifle_Run.uasset" 371
"D:/Github/HorrorGameMVP/HorrorMVP/Content/FirstPersonArms/Animations/FP_Rifle_Run.uexp" 372
"D:/Github/HorrorGameMVP/HorrorMVP/Content/FirstPersonArms/Animations/FP_Rifle_Falling.uasset" 373
"D:/Github/HorrorGameMVP/HorrorMVP/Content/FirstPersonArms/Animations/FP_Rifle_Falling.uexp" 374
"../../../Engine/Content/Animation/DefaultRecorderBoneCompression.uasset" 375
"../../../Engine/Content/Animation/DefaultRecorderBoneCompression.uexp" 376
"D:/Github/HorrorGameMVP/HorrorMVP/Content/FirstPersonArms/Animations/FP_Idle.uasset" 377
"D:/Github/HorrorGameMVP/HorrorMVP/Content/FirstPersonArms/Animations/FP_Idle.uexp" 378
"D:/Github/HorrorGameMVP/HorrorMVP/Content/FirstPersonArms/Animations/FP_Jump.uasset" 379
"D:/Github/HorrorGameMVP/HorrorMVP/Content/FirstPersonArms/Animations/FP_Jump.uexp" 380
"D:/Github/HorrorGameMVP/HorrorMVP/Content/FirstPersonArms/Animations/FP_Run_Fwd.uasset" 381
"D:/Github/HorrorGameMVP/HorrorMVP/Content/FirstPersonArms/Animations/FP_Run_Fwd.uexp" 382
"D:/Github/HorrorGameMVP/HorrorMVP/Content/FirstPersonArms/Animations/FP_Land.uasset" 383
"D:/Github/HorrorGameMVP/HorrorMVP/Content/FirstPersonArms/Animations/FP_Land.uexp" 384
"D:/Github/HorrorGameMVP/HorrorMVP/Content/FirstPersonArms/Animations/FP_Falling.uasset" 385
"D:/Github/HorrorGameMVP/HorrorMVP/Content/FirstPersonArms/Animations/FP_Falling.uexp" 386
"D:/Github/HorrorGameMVP/HorrorMVP/Content/FirstPersonArms/Animations/FP_Rifle_Jump.uasset" 387
"D:/Github/HorrorGameMVP/HorrorMVP/Content/FirstPersonArms/Animations/FP_Rifle_Jump.uexp" 388
"D:/Github/HorrorGameMVP/HorrorMVP/Content/FirstPersonArms/Animations/FirstPerson_AnimBP.uasset" 389
"D:/Github/HorrorGameMVP/HorrorMVP/Content/FirstPersonArms/Animations/FirstPerson_AnimBP.uexp" 390
"D:/Github/HorrorGameMVP/HorrorMVP/Content/SFX/Sonido-de-Encender-o-apagar-linterna-Efecto-de-Sonido.ubulk" 391
"D:/Github/HorrorGameMVP/HorrorMVP/Content/SFX/Sonido-de-Encender-o-apagar-linterna-Efecto-de-Sonido.uasset" 392
"D:/Github/HorrorGameMVP/HorrorMVP/Content/SFX/Sonido-de-Encender-o-apagar-linterna-Efecto-de-Sonido.uexp" 393
"D:/Github/HorrorGameMVP/HorrorMVP/Content/FirstPerson/Blueprints/BP_FirstPersonCharacter.uasset" 394
"D:/Github/HorrorGameMVP/HorrorMVP/Content/FirstPerson/Blueprints/BP_FirstPersonCharacter.uexp" 395
"D:/Github/HorrorGameMVP/HorrorMVP/Content/FirstPerson/Blueprints/BP_FirstPersonGameMode.uasset" 396
"D:/Github/HorrorGameMVP/HorrorMVP/Content/FirstPerson/Blueprints/BP_FirstPersonGameMode.uexp" 397
"../../../Engine/Content/Functions/Engine_MaterialFunctions01/Shading/PowerToRoughness.uasset" 398
"../../../Engine/Content/Functions/Engine_MaterialFunctions01/Shading/PowerToRoughness.uexp" 399
"../../../Engine/Content/Functions/Engine_MaterialFunctions01/Shading/ConvertFromDiffSpec.uasset" 400
"../../../Engine/Content/Functions/Engine_MaterialFunctions01/Shading/ConvertFromDiffSpec.uexp" 401
"../../../Engine/Content/EngineResources/FilmGrains/Marcie_Grain_v3_128_M2_000.uasset" 402
"../../../Engine/Content/EngineResources/FilmGrains/Marcie_Grain_v3_128_M2_000.uexp" 403
"../../../Engine/Content/EngineMaterials/Substrate/Volume/SubstrateSimpleVolumeLUT3D.uasset" 404
"../../../Engine/Content/EngineMaterials/Substrate/Volume/SubstrateSimpleVolumeLUT3D.uexp" 405
"../../../Engine/Content/EngineMaterials/Substrate/Volume/SubstrateSimpleVolumeEnvLUT3D.uasset" 406
"../../../Engine/Content/EngineMaterials/Substrate/Volume/SubstrateSimpleVolumeEnvLUT3D.uexp" 407
"../../../Engine/Content/EngineMaterials/LTC/Sheen_LTC.uasset" 408
"../../../Engine/Content/EngineMaterials/LTC/Sheen_LTC.uexp" 409
"../../../Engine/Content/EngineMaterials/LTC/GGX_LTCMat.uasset" 410
"../../../Engine/Content/EngineMaterials/LTC/GGX_LTCMat.uexp" 411
"../../../Engine/Content/EngineMaterials/LTC/GGX_LTCAmp.uasset" 412
"../../../Engine/Content/EngineMaterials/LTC/GGX_LTCAmp.uexp" 413
"../../../Engine/Content/EngineMaterials/EnergyConservation/Sheen_Energy.uasset" 414
"../../../Engine/Content/EngineMaterials/EnergyConservation/Sheen_Energy.uexp" 415
"../../../Engine/Content/EngineMaterials/EnergyConservation/SheenLegacy_Energy.uasset" 416
"../../../Engine/Content/EngineMaterials/EnergyConservation/SheenLegacy_Energy.uexp" 417
"../../../Engine/Content/EngineMaterials/EnergyConservation/GGX_TransmissionEnergyArray.uasset" 418
"../../../Engine/Content/EngineMaterials/EnergyConservation/GGX_TransmissionEnergyArray.uexp" 419
"../../../Engine/Content/EngineMaterials/EnergyConservation/GGX_ReflectionEnergy.uasset" 420
"../../../Engine/Content/EngineMaterials/EnergyConservation/GGX_ReflectionEnergy.uexp" 421
"../../../Engine/Content/EngineMaterials/EnergyConservation/Diffuse_Energy.uasset" 422
"../../../Engine/Content/EngineMaterials/EnergyConservation/Diffuse_Energy.uexp" 423
"../../../Engine/Content/EditorResources/SequenceRecorder/RecordingIndicator.uasset" 424
"../../../Engine/Content/EditorResources/SequenceRecorder/RecordingIndicator.uexp" 425
"../../../Engine/Content/EditorResources/SequenceRecorder/Countdown.uasset" 426
"../../../Engine/Content/EditorResources/SequenceRecorder/Countdown.uexp" 427
"../../../Engine/Content/EditorMaterials/ParticleSystems/PSysThumbnail_OOD.ubulk" 428
"../../../Engine/Content/EditorMaterials/ParticleSystems/PSysThumbnail_OOD.uasset" 429
"../../../Engine/Content/EditorMaterials/ParticleSystems/PSysThumbnail_OOD.uexp" 430
"../../../Engine/Content/EditorMaterials/ParticleSystems/PSysThumbnail_NoImage.ubulk" 431
"../../../Engine/Content/EditorMaterials/ParticleSystems/PSysThumbnail_NoImage.uasset" 432
"../../../Engine/Content/EditorMaterials/ParticleSystems/PSysThumbnail_NoImage.uexp" 433
"../../../Engine/Content/EditorMaterials/Dataflow/DataflowVertexMaterial.uasset" 434
"../../../Engine/Content/EditorMaterials/Dataflow/DataflowVertexMaterial.uexp" 435
"../../../Engine/Content/EditorMaterials/Dataflow/DataflowTwoSidedVertexMaterial.uasset" 436
"../../../Engine/Content/EditorMaterials/Dataflow/DataflowTwoSidedVertexMaterial.uexp" 437
"../../../Engine/Content/EditorMaterials/PhAT_NoCollisionMaterial.uasset" 438
"../../../Engine/Content/EditorMaterials/PhAT_NoCollisionMaterial.uexp" 439
"../../../Engine/Content/EditorMaterials/PhAT_UnselectedMaterial.uasset" 440
"../../../Engine/Content/EditorMaterials/PhAT_UnselectedMaterial.uexp" 441
"../../../Engine/Content/EditorMaterials/PreviewShadowIndicator.ubulk" 442
"../../../Engine/Content/EditorMaterials/PreviewShadowIndicator.uasset" 443
"../../../Engine/Content/EditorMaterials/PreviewShadowIndicator.uexp" 444
"../../../Engine/Content/EditorMaterials/PreviewShadowIndicatorMaterial.uasset" 445
"../../../Engine/Content/EditorMaterials/PreviewShadowIndicatorMaterial.uexp" 446
"../../../Engine/Content/EngineDebugMaterials/DebugEditorMaterial.uasset" 447
"../../../Engine/Content/EngineDebugMaterials/DebugEditorMaterial.uexp" 448
"../../../Engine/Content/EngineDebugMaterials/DebugMeshMaterial.uasset" 449
"../../../Engine/Content/EngineDebugMaterials/DebugMeshMaterial.uexp" 450
"../../../Engine/Content/EngineDebugMaterials/M_SimpleUnlitTranslucent.uasset" 451
"../../../Engine/Content/EngineDebugMaterials/M_SimpleUnlitTranslucent.uexp" 452
"../../../Engine/Content/Functions/Engine_MaterialFunctions02/Utility/CameraDirectionVector.uasset" 453
"../../../Engine/Content/Functions/Engine_MaterialFunctions02/Utility/CameraDirectionVector.uexp" 454
"../../../Engine/Content/EngineDebugMaterials/VolumeToRender.uasset" 455
"../../../Engine/Content/EngineDebugMaterials/VolumeToRender.uexp" 456
"../../../Engine/Content/EngineDebugMaterials/M_VolumeRenderSphereTracePP.uasset" 457
"../../../Engine/Content/EngineDebugMaterials/M_VolumeRenderSphereTracePP.uexp" 458
"../../../Engine/Content/EngineMaterials/DefaultDiffuse.ubulk" 459
"../../../Engine/Content/EngineMaterials/DefaultDiffuse.uasset" 460
"../../../Engine/Content/EngineMaterials/DefaultDiffuse.uexp" 461
"../../../Engine/Content/EngineMaterials/DefaultDeferredDecalMaterial.uasset" 462
"../../../Engine/Content/EngineMaterials/DefaultDeferredDecalMaterial.uexp" 463
"../../../Engine/Content/EngineMaterials/DefaultLightFunctionMaterial.uasset" 464
"../../../Engine/Content/EngineMaterials/DefaultLightFunctionMaterial.uexp" 465
"../../../Engine/Content/EngineMaterials/DefaultPostProcessMaterial.uasset" 466
"../../../Engine/Content/EngineMaterials/DefaultPostProcessMaterial.uexp" 467
"../../../Engine/Content/EngineFonts/RobotoDistanceField.uasset" 468
"../../../Engine/Content/EngineFonts/RobotoDistanceField.uexp" 469
"../../../Engine/Content/EngineMaterials/DefaultTextMaterialOpaque.uasset" 470
"../../../Engine/Content/EngineMaterials/DefaultTextMaterialOpaque.uexp" 471
"../../../Engine/Content/EngineMaterials/DefaultWhiteGrid_Low.uasset" 472
"../../../Engine/Content/EngineMaterials/DefaultWhiteGrid_Low.uexp" 473
"../../../Engine/Content/EngineMaterials/EmissiveMeshMaterial.uasset" 474
"../../../Engine/Content/EngineMaterials/EmissiveMeshMaterial.uexp" 475
"../../../Engine/Content/EngineMaterials/BaseFlattenNormalMap.uasset" 476
"../../../Engine/Content/EngineMaterials/BaseFlattenNormalMap.uexp" 477
"../../../Engine/Content/EngineMaterials/BaseFlattenGrayscaleMap.uasset" 478
"../../../Engine/Content/EngineMaterials/BaseFlattenGrayscaleMap.uexp" 479
"../../../Engine/Content/EngineMaterials/BaseFlattenDiffuseMap.uasset" 480
"../../../Engine/Content/EngineMaterials/BaseFlattenDiffuseMap.uexp" 481
"../../../Engine/Content/Functions/Engine_MaterialFunctions02/PivotPainter2/Black_1x1_EXR_Texture.uasset" 482
"../../../Engine/Content/Functions/Engine_MaterialFunctions02/PivotPainter2/Black_1x1_EXR_Texture.uexp" 483
"../../../Engine/Content/EngineMaterials/BaseFlattenEmissiveMap.uasset" 484
"../../../Engine/Content/EngineMaterials/BaseFlattenEmissiveMap.uexp" 485
"../../../Engine/Content/EngineMaterials/BaseFlattenLinearColor.uasset" 486
"../../../Engine/Content/EngineMaterials/BaseFlattenLinearColor.uexp" 487
"../../../Engine/Content/EngineMaterials/FlattenMaterial.uasset" 488
"../../../Engine/Content/EngineMaterials/FlattenMaterial.uexp" 489
"../../../Engine/Content/EngineMaterials/BaseFlattenEmissiveMap_VT.uasset" 490
"../../../Engine/Content/EngineMaterials/BaseFlattenEmissiveMap_VT.uexp" 491
"../../../Engine/Content/EngineMaterials/BaseFlattenGrayscaleMap_VT.uasset" 492
"../../../Engine/Content/EngineMaterials/BaseFlattenGrayscaleMap_VT.uexp" 493
"../../../Engine/Content/EngineMaterials/BaseFlattenLinearColor_VT.uasset" 494
"../../../Engine/Content/EngineMaterials/BaseFlattenLinearColor_VT.uexp" 495
"../../../Engine/Content/EngineMaterials/Black_1x1_EXR_Texture_VT.uasset" 496
"../../../Engine/Content/EngineMaterials/Black_1x1_EXR_Texture_VT.uexp" 497
"../../../Engine/Content/EngineMaterials/BaseFlattenDiffuseMap_VT.uasset" 498
"../../../Engine/Content/EngineMaterials/BaseFlattenDiffuseMap_VT.uexp" 499
"../../../Engine/Content/EngineMaterials/BaseFlattenNormalMap_VT.uasset" 500
"../../../Engine/Content/EngineMaterials/BaseFlattenNormalMap_VT.uexp" 501
"../../../Engine/Content/EngineMaterials/FlattenMaterial_VT.uasset" 502
"../../../Engine/Content/EngineMaterials/FlattenMaterial_VT.uexp" 503
"../../../Engine/Content/EngineMaterials/FlattenMaterial_WS_Normal_VT.uasset" 504
"../../../Engine/Content/EngineMaterials/FlattenMaterial_WS_Normal_VT.uexp" 505
"../../../Engine/Content/EngineMaterials/GizmoMaterial.uasset" 506
"../../../Engine/Content/EngineMaterials/GizmoMaterial.uexp" 507
"../../../Engine/Content/EngineMaterials/InvalidLightmapSettings.ubulk" 508
"../../../Engine/Content/EngineMaterials/InvalidLightmapSettings.uasset" 509
"../../../Engine/Content/EngineMaterials/InvalidLightmapSettings.uexp" 510
"../../../Engine/Content/EngineMaterials/M_InvalidLightmapSettings.uasset" 511
"../../../Engine/Content/EngineMaterials/M_InvalidLightmapSettings.uexp" 512
"../../../Engine/Content/EngineMaterials/NaniteHiddenSectionMaterial.uasset" 513
"../../../Engine/Content/EngineMaterials/NaniteHiddenSectionMaterial.uexp" 514
"../../../Engine/Content/Functions/Engine_MaterialFunctions02/WorldPositionOffset/CameraOffset.uasset" 515
"../../../Engine/Content/Functions/Engine_MaterialFunctions02/WorldPositionOffset/CameraOffset.uexp" 516
"../../../Engine/Content/EngineMaterials/PhAT_JointLimitMaterial.uasset" 517
"../../../Engine/Content/EngineMaterials/PhAT_JointLimitMaterial.uexp" 518
"../../../Engine/Content/EngineMaterials/DefaultCalibrationColor.uasset" 519
"../../../Engine/Content/EngineMaterials/DefaultCalibrationColor.uexp" 520
"../../../Engine/Content/EngineMaterials/PPM_DefaultCalibrationColor.uasset" 521
"../../../Engine/Content/EngineMaterials/PPM_DefaultCalibrationColor.uexp" 522
"../../../Engine/Content/EngineMaterials/DefaultCalibrationGrayscale.uasset" 523
"../../../Engine/Content/EngineMaterials/DefaultCalibrationGrayscale.uexp" 524
"../../../Engine/Content/EngineMaterials/PPM_DefaultCalibrationGrayscale.uasset" 525
"../../../Engine/Content/EngineMaterials/PPM_DefaultCalibrationGrayscale.uexp" 526
"../../../Engine/Content/EngineMaterials/RemoveSurfaceMaterial.uasset" 527
"../../../Engine/Content/EngineMaterials/RemoveSurfaceMaterial.uexp" 528
"../../../Engine/Plugins/Animation/ControlRig/Content/Controls/ControlRigGizmoMaterial.uasset" 529
"../../../Engine/Plugins/Animation/ControlRig/Content/Controls/ControlRigGizmoMaterial.uexp" 530
"../../../Engine/Plugins/Animation/ControlRig/Content/Controls/ControlRigXRayMaterial.uasset" 531
"../../../Engine/Plugins/Animation/ControlRig/Content/Controls/ControlRigXRayMaterial.uexp" 532
"../../../Engine/Plugins/Editor/SpeedTreeImporter/Content/SpeedTree9/game_wind_noise.ubulk" 533
"../../../Engine/Plugins/Editor/SpeedTreeImporter/Content/SpeedTree9/game_wind_noise.uasset" 534
"../../../Engine/Plugins/Editor/SpeedTreeImporter/Content/SpeedTree9/game_wind_noise.uexp" 535
"../../../Engine/Plugins/Editor/SpeedTreeImporter/Content/SpeedTree9/UnpackDirection.uasset" 536
"../../../Engine/Plugins/Editor/SpeedTreeImporter/Content/SpeedTree9/UnpackDirection.uexp" 537
"../../../Engine/Content/Functions/Engine_MaterialFunctions02/ObjectLocalBounds.uasset" 538
"../../../Engine/Content/Functions/Engine_MaterialFunctions02/ObjectLocalBounds.uexp" 539
"../../../Engine/Content/Functions/Engine_MaterialFunctions02/UVs/BoundingBoxBased_0-1_UVW.uasset" 540
"../../../Engine/Content/Functions/Engine_MaterialFunctions02/UVs/BoundingBoxBased_0-1_UVW.uexp" 541
"../../../Engine/Plugins/Editor/SpeedTreeImporter/Content/SpeedTree9/SpeedTreeBillboard.uasset" 542
"../../../Engine/Plugins/Editor/SpeedTreeImporter/Content/SpeedTree9/SpeedTreeBillboard.uexp" 543
"../../../Engine/Content/Functions/Engine_MaterialFunctions02/Utility/VectorLength.uasset" 544
"../../../Engine/Content/Functions/Engine_MaterialFunctions02/Utility/VectorLength.uexp" 545
"../../../Engine/Plugins/Editor/SpeedTreeImporter/Content/SpeedTree9/UnpackInteger3.uasset" 546
"../../../Engine/Plugins/Editor/SpeedTreeImporter/Content/SpeedTree9/UnpackInteger3.uexp" 547
"../../../Engine/Content/Functions/Engine_MaterialFunctions02/WorldPositionOffset/ObjectScale.uasset" 548
"../../../Engine/Content/Functions/Engine_MaterialFunctions02/WorldPositionOffset/ObjectScale.uexp" 549
"../../../Engine/Content/Functions/Engine_MaterialFunctions02/SafeNormalize.uasset" 550
"../../../Engine/Content/Functions/Engine_MaterialFunctions02/SafeNormalize.uexp" 551
"../../../Engine/Plugins/Editor/SpeedTreeImporter/Content/SpeedTree9/SpeedTreeWindMotion.uasset" 552
"../../../Engine/Plugins/Editor/SpeedTreeImporter/Content/SpeedTree9/SpeedTreeWindMotion.uexp" 553
"../../../Engine/Plugins/Editor/SpeedTreeImporter/Content/SpeedTree9/SpeedTreeBranchMotion.uasset" 554
"../../../Engine/Plugins/Editor/SpeedTreeImporter/Content/SpeedTree9/SpeedTreeBranchMotion.uexp" 555
"../../../Engine/Plugins/Editor/SpeedTreeImporter/Content/SpeedTree9/SpeedTreeWind.uasset" 556
"../../../Engine/Plugins/Editor/SpeedTreeImporter/Content/SpeedTree9/SpeedTreeWind.uexp" 557
"../../../Engine/Plugins/Editor/SpeedTreeImporter/Content/SpeedTree9/EmptyNormal.uasset" 558
"../../../Engine/Plugins/Editor/SpeedTreeImporter/Content/SpeedTree9/EmptyNormal.uexp" 559
"../../../Engine/Plugins/Editor/SpeedTreeImporter/Content/SpeedTree9/Empty.uasset" 560
"../../../Engine/Plugins/Editor/SpeedTreeImporter/Content/SpeedTree9/Empty.uexp" 561
"../../../Engine/Plugins/Editor/SpeedTreeImporter/Content/SpeedTree9/SpeedTreeBillboardMaster.uasset" 562
"../../../Engine/Plugins/Editor/SpeedTreeImporter/Content/SpeedTree9/SpeedTreeBillboardMaster.uexp" 563
"../../../Engine/Plugins/Editor/SpeedTreeImporter/Content/SpeedTree9/SpeedTreeCameraFacing.uasset" 564
"../../../Engine/Plugins/Editor/SpeedTreeImporter/Content/SpeedTree9/SpeedTreeCameraFacing.uexp" 565
"../../../Engine/Plugins/Editor/SpeedTreeImporter/Content/SpeedTree9/SpeedTreeMaster.uasset" 566
"../../../Engine/Plugins/Editor/SpeedTreeImporter/Content/SpeedTree9/SpeedTreeMaster.uexp" 567
"../../../Engine/Plugins/Interchange/Assets/Content/Functions/MX_AbsorptionVDF.uasset" 568
"../../../Engine/Plugins/Interchange/Assets/Content/Functions/MX_AbsorptionVDF.uexp" 569
"../../../Engine/Plugins/Interchange/Assets/Content/Functions/MX_AnisotropicVDF.uasset" 570
"../../../Engine/Plugins/Interchange/Assets/Content/Functions/MX_AnisotropicVDF.uexp" 571
"../../../Engine/Plugins/Interchange/Assets/Content/Functions/MX_BurleyDiffuseBSDF.uasset" 572
"../../../Engine/Plugins/Interchange/Assets/Content/Functions/MX_BurleyDiffuseBSDF.uexp" 573
"../../../Engine/Plugins/Interchange/Assets/Content/Functions/MX_ConductorBSDF.uasset" 574
"../../../Engine/Plugins/Interchange/Assets/Content/Functions/MX_ConductorBSDF.uexp" 575
"../../../Engine/Plugins/Interchange/Assets/Content/Functions/MX_ConicalEDF.uasset" 576
"../../../Engine/Plugins/Interchange/Assets/Content/Functions/MX_ConicalEDF.uexp" 577
"../../../Engine/Plugins/Interchange/Assets/Content/Functions/MX_DielectricBSDF.uasset" 578
"../../../Engine/Plugins/Interchange/Assets/Content/Functions/MX_DielectricBSDF.uexp" 579
"../../../Engine/Plugins/Interchange/Assets/Content/Functions/MX_GeneralizedSchlickBSDF.uasset" 580
"../../../Engine/Plugins/Interchange/Assets/Content/Functions/MX_GeneralizedSchlickBSDF.uexp" 581
"../../../Engine/Plugins/Interchange/Assets/Content/Functions/MX_MeasuredEDF.uasset" 582
"../../../Engine/Plugins/Interchange/Assets/Content/Functions/MX_MeasuredEDF.uexp" 583
"../../../Engine/Plugins/Interchange/Assets/Content/Functions/MX_StandardSurface.uasset" 584
"../../../Engine/Plugins/Interchange/Assets/Content/Functions/MX_StandardSurface.uexp" 585
"../../../Engine/Plugins/Interchange/Assets/Content/Functions/MX_OpenPBR_Opaque.uasset" 586
"../../../Engine/Plugins/Interchange/Assets/Content/Functions/MX_OpenPBR_Opaque.uexp" 587
"../../../Engine/Plugins/Interchange/Assets/Content/Functions/MX_TransmissionSurface.uasset" 588
"../../../Engine/Plugins/Interchange/Assets/Content/Functions/MX_TransmissionSurface.uexp" 589
"../../../Engine/Plugins/Interchange/Assets/Content/Functions/MX_OpenPBR_Translucent.uasset" 590
"../../../Engine/Plugins/Interchange/Assets/Content/Functions/MX_OpenPBR_Translucent.uexp" 591
"../../../Engine/Plugins/Interchange/Assets/Content/Functions/MX_OrenNayarBSDF.uasset" 592
"../../../Engine/Plugins/Interchange/Assets/Content/Functions/MX_OrenNayarBSDF.uexp" 593
"../../../Engine/Plugins/Interchange/Assets/Content/Functions/MX_SheenBSDF.uasset" 594
"../../../Engine/Plugins/Interchange/Assets/Content/Functions/MX_SheenBSDF.uexp" 595
"../../../Engine/Plugins/Interchange/Assets/Content/Functions/MX_SubsurfaceBSDF.uasset" 596
"../../../Engine/Plugins/Interchange/Assets/Content/Functions/MX_SubsurfaceBSDF.uexp" 597
"../../../Engine/Plugins/Interchange/Assets/Content/Functions/MX_Surface.uasset" 598
"../../../Engine/Plugins/Interchange/Assets/Content/Functions/MX_Surface.uexp" 599
"../../../Engine/Plugins/Interchange/Assets/Content/Functions/MX_SurfaceUnlit.uasset" 600
"../../../Engine/Plugins/Interchange/Assets/Content/Functions/MX_SurfaceUnlit.uexp" 601
"../../../Engine/Plugins/Interchange/Assets/Content/Functions/MX_ThinFilmBSDF.uasset" 602
"../../../Engine/Plugins/Interchange/Assets/Content/Functions/MX_ThinFilmBSDF.uexp" 603
"../../../Engine/Plugins/Interchange/Assets/Content/Functions/MX_TranslucentBSDF.uasset" 604
"../../../Engine/Plugins/Interchange/Assets/Content/Functions/MX_TranslucentBSDF.uexp" 605
"../../../Engine/Plugins/Interchange/Assets/Content/Functions/MX_UniformEDF.uasset" 606
"../../../Engine/Plugins/Interchange/Assets/Content/Functions/MX_UniformEDF.uexp" 607
"../../../Engine/Plugins/Interchange/Assets/Content/Functions/MX_UsdPreviewSurface.uasset" 608
"../../../Engine/Plugins/Interchange/Assets/Content/Functions/MX_UsdPreviewSurface.uexp" 609
"../../../Engine/Plugins/Runtime/HairStrands/Content/Materials/HairCardsDefaultMaterial.uasset" 610
"../../../Engine/Plugins/Runtime/HairStrands/Content/Materials/HairCardsDefaultMaterial.uexp" 611
"../../../Engine/Plugins/Runtime/HairStrands/Content/Materials/HairGroupColors.uasset" 612
"../../../Engine/Plugins/Runtime/HairStrands/Content/Materials/HairGroupColors.uexp" 613
"../../../Engine/Content/Functions/Engine_MaterialFunctions02/Utility/MakeFloat2.uasset" 614
"../../../Engine/Content/Functions/Engine_MaterialFunctions02/Utility/MakeFloat2.uexp" 615
"../../../Engine/Content/EngineMaterials/HairColorMap.uasset" 616
"../../../Engine/Content/EngineMaterials/HairColorMap.uexp" 617
"../../../Engine/Content/EngineMaterials/HairDebugColor.uasset" 618
"../../../Engine/Content/EngineMaterials/HairDebugColor.uexp" 619
"../../../Engine/Plugins/Runtime/HairStrands/Content/Materials/HairDebugMaterial.uasset" 620
"../../../Engine/Plugins/Runtime/HairStrands/Content/Materials/HairDebugMaterial.uexp" 621
"../../../Engine/Plugins/Runtime/HairStrands/Content/Materials/HairDefaultMaterial.uasset" 622
"../../../Engine/Plugins/Runtime/HairStrands/Content/Materials/HairDefaultMaterial.uexp" 623
"../../../Engine/Plugins/Runtime/HairStrands/Content/Materials/HairMeshesDefaultMaterial.uasset" 624
"../../../Engine/Plugins/Runtime/HairStrands/Content/Materials/HairMeshesDefaultMaterial.uexp" 625
"../../../Engine/Plugins/Runtime/MeshModelingToolset/Content/Materials/M_DynamicMeshComponentVtxColor.uasset" 626
"../../../Engine/Plugins/Runtime/MeshModelingToolset/Content/Materials/M_DynamicMeshComponentVtxColor.uexp" 627
"../../../Engine/Plugins/Animation/ControlRig/Content/M_Manip.uasset" 628
"../../../Engine/Plugins/Animation/ControlRig/Content/M_Manip.uexp" 629
"../../../Engine/Plugins/NNE/NNEDenoiser/Content/NNEDTOM_Output_Default.uasset" 630
"../../../Engine/Plugins/NNE/NNEDenoiser/Content/NNEDTOM_Output_Default.uexp" 631
"../../../Engine/Plugins/NNE/NNEDenoiser/Content/NNEDTOM_Output_Alpha.uasset" 632
"../../../Engine/Plugins/NNE/NNEDenoiser/Content/NNEDTOM_Output_Alpha.uexp" 633
"../../../Engine/Plugins/NNE/NNEDenoiser/Content/NNEDTIM_ColorAlbedoNormal_Default.uasset" 634
"../../../Engine/Plugins/NNE/NNEDenoiser/Content/NNEDTIM_ColorAlbedoNormal_Default.uexp" 635
"../../../Engine/Plugins/NNE/NNEDenoiser/Content/NNEDTIM_ColorAlbedoNormal_Alpha.uasset" 636
"../../../Engine/Plugins/NNE/NNEDenoiser/Content/NNEDTIM_ColorAlbedoNormal_Alpha.uexp" 637
"../../../Engine/Plugins/NNE/NNEDenoiser/Content/NNEDOM_Output_Default.uasset" 638
"../../../Engine/Plugins/NNE/NNEDenoiser/Content/NNEDOM_Output_Default.uexp" 639
"../../../Engine/Plugins/NNE/NNEDenoiser/Content/NNEDOM_Output_Alpha.uasset" 640
"../../../Engine/Plugins/NNE/NNEDenoiser/Content/NNEDOM_Output_Alpha.uexp" 641
"../../../Engine/Plugins/NNE/NNEDenoiser/Content/NNEDIM_HighQuality_Default.uasset" 642
"../../../Engine/Plugins/NNE/NNEDenoiser/Content/NNEDIM_HighQuality_Default.uexp" 643
"../../../Engine/Plugins/NNE/NNEDenoiser/Content/NNEDIM_HighQuality_Alpha.uasset" 644
"../../../Engine/Plugins/NNE/NNEDenoiser/Content/NNEDIM_HighQuality_Alpha.uexp" 645
"../../../Engine/Plugins/NNE/NNEDenoiser/Content/NNEDIM_ColorAlbedoNormal_Default.uasset" 646
"../../../Engine/Plugins/NNE/NNEDenoiser/Content/NNEDIM_ColorAlbedoNormal_Default.uexp" 647
"../../../Engine/Plugins/NNE/NNEDenoiser/Content/NNEDIM_ColorAlbedoNormal_Alpha.uasset" 648
"../../../Engine/Plugins/NNE/NNEDenoiser/Content/NNEDIM_ColorAlbedoNormal_Alpha.uexp" 649
"../../../Engine/Content/EngineMaterials/WeightMapPlaceholderTexture.uasset" 650
"../../../Engine/Content/EngineMaterials/WeightMapPlaceholderTexture.uexp" 651
"../../../Engine/Content/EngineMaterials/WeightMapArrayPlaceholderTexture.uasset" 652
"../../../Engine/Content/EngineMaterials/WeightMapArrayPlaceholderTexture.uexp" 653
"../../../Engine/Content/EngineMaterials/Substrate/GLints2/AGlintTex2dArray2.uasset" 654
"../../../Engine/Content/EngineMaterials/Substrate/GLints2/AGlintTex2dArray2.uexp" 655
"../../../Engine/Content/EngineMaterials/Substrate/GLints/AGlintTex2dArray.uasset" 656
"../../../Engine/Content/EngineMaterials/Substrate/GLints/AGlintTex2dArray.uexp" 657
"../../../Engine/Content/EngineMeshes/Sphere.ubulk" 658
"../../../Engine/Content/EngineMeshes/Sphere.uasset" 659
"../../../Engine/Content/EngineMeshes/Sphere.uexp" 660
"../../../Engine/Content/VREditor/TransformGizmo/Main.uasset" 661
"../../../Engine/Content/VREditor/TransformGizmo/Main.uexp" 662
"../../../Engine/Content/VREditor/TransformGizmo/Xray.uasset" 663
"../../../Engine/Content/VREditor/TransformGizmo/Xray.uexp" 664
"../../../Engine/Content/VREditor/TransformGizmo/SM_Sequencer_Node.ubulk" 665
"../../../Engine/Content/VREditor/TransformGizmo/SM_Sequencer_Node.uasset" 666
"../../../Engine/Content/VREditor/TransformGizmo/SM_Sequencer_Node.uexp" 667
"../../../Engine/Content/EngineMaterials/T_Default_Material_Grid_M.ubulk" 668
"../../../Engine/Content/EngineMaterials/T_Default_Material_Grid_M.uasset" 669
"../../../Engine/Content/EngineMaterials/T_Default_Material_Grid_M.uexp" 670
"../../../Engine/Content/EngineMaterials/T_Default_Material_Grid_N.ubulk" 671
"../../../Engine/Content/EngineMaterials/T_Default_Material_Grid_N.uasset" 672
"../../../Engine/Content/EngineMaterials/T_Default_Material_Grid_N.uexp" 673
"../../../Engine/Content/Functions/Engine_MaterialFunctions01/Opacity/CameraDepthFade.uasset" 674
"../../../Engine/Content/Functions/Engine_MaterialFunctions01/Opacity/CameraDepthFade.uexp" 675
"../../../Engine/Content/EngineMaterials/WorldGridMaterial.uasset" 676
"../../../Engine/Content/EngineMaterials/WorldGridMaterial.uexp" 677
"../../../Engine/Plugins/Media/MediaPlate/Content/SM_MediaPlateScreen.ubulk" 678
"../../../Engine/Plugins/Media/MediaPlate/Content/SM_MediaPlateScreen.uasset" 679
"../../../Engine/Plugins/Media/MediaPlate/Content/SM_MediaPlateScreen.uexp" 680
"../../../Engine/Plugins/2D/Paper2D/Content/DefaultSpriteMaterial.uasset" 681
"../../../Engine/Plugins/2D/Paper2D/Content/DefaultSpriteMaterial.uexp" 682
"../../../Engine/Plugins/2D/Paper2D/Content/OpaqueUnlitSpriteMaterial.uasset" 683
"../../../Engine/Plugins/2D/Paper2D/Content/OpaqueUnlitSpriteMaterial.uexp" 684
"../../../Engine/Plugins/2D/Paper2D/Content/MaskedUnlitSpriteMaterial.uasset" 685
"../../../Engine/Plugins/2D/Paper2D/Content/MaskedUnlitSpriteMaterial.uexp" 686
"../../../Engine/Content/Functions/Engine_MaterialFunctions02/Texturing/CustomRotator.uasset" 687
"../../../Engine/Content/Functions/Engine_MaterialFunctions02/Texturing/CustomRotator.uexp" 688
"../../../Engine/Plugins/Runtime/AudioWidgets/Content/AudioMaterialSlate/Functions/MF_SingleLine_Smooth.uasset" 689
"../../../Engine/Plugins/Runtime/AudioWidgets/Content/AudioMaterialSlate/Functions/MF_SingleLine_Smooth.uexp" 690
"../../../Engine/Plugins/Runtime/AudioWidgets/Content/AudioMaterialSlate/Functions/MF_AngleGradient.uasset" 691
"../../../Engine/Plugins/Runtime/AudioWidgets/Content/AudioMaterialSlate/Functions/MF_AngleGradient.uexp" 692
"../../../Engine/Plugins/Runtime/AudioWidgets/Content/AudioMaterialSlate/Functions/MF_SingleLine.uasset" 693
"../../../Engine/Plugins/Runtime/AudioWidgets/Content/AudioMaterialSlate/Functions/MF_SingleLine.uexp" 694
"../../../Engine/Content/Functions/Engine_MaterialFunctions01/Gradient/SphereGradient-2D.uasset" 695
"../../../Engine/Content/Functions/Engine_MaterialFunctions01/Gradient/SphereGradient-2D.uexp" 696
"../../../Engine/Plugins/Runtime/AudioWidgets/Content/AudioMaterialSlate/M_AudioMaterialToggleButton.uasset" 697
"../../../Engine/Plugins/Runtime/AudioWidgets/Content/AudioMaterialSlate/M_AudioMaterialToggleButton.uexp" 698
"../../../Engine/Plugins/Runtime/AudioWidgets/Content/AudioMaterialSlate/MI_AudioMaterialToggleButton.uasset" 699
"../../../Engine/Plugins/Runtime/AudioWidgets/Content/AudioMaterialSlate/MI_AudioMaterialToggleButton.uexp" 700
"../../../Engine/Content/Functions/Engine_MaterialFunctions01/Gradient/GeneratedRoundRect.uasset" 701
"../../../Engine/Content/Functions/Engine_MaterialFunctions01/Gradient/GeneratedRoundRect.uexp" 702
"../../../Engine/Plugins/Runtime/AudioWidgets/Content/AudioMaterialSlate/M_AudioMaterialRoundedSlider.uasset" 703
"../../../Engine/Plugins/Runtime/AudioWidgets/Content/AudioMaterialSlate/M_AudioMaterialRoundedSlider.uexp" 704
"../../../Engine/Plugins/Runtime/AudioWidgets/Content/AudioMaterialSlate/MI_AudioMaterialRoundedSlider.uasset" 705
"../../../Engine/Plugins/Runtime/AudioWidgets/Content/AudioMaterialSlate/MI_AudioMaterialRoundedSlider.uexp" 706
"../../../Engine/Plugins/Runtime/AudioWidgets/Content/AudioMaterialSlate/Functions/MF_Lines.uasset" 707
"../../../Engine/Plugins/Runtime/AudioWidgets/Content/AudioMaterialSlate/Functions/MF_Lines.uexp" 708
"../../../Engine/Content/Functions/Engine_MaterialFunctions02/Lerp_3Color.uasset" 709
"../../../Engine/Content/Functions/Engine_MaterialFunctions02/Lerp_3Color.uexp" 710
"../../../Engine/Plugins/Runtime/AudioWidgets/Content/AudioMaterialSlate/M_AudioMaterialMeter.uasset" 711
"../../../Engine/Plugins/Runtime/AudioWidgets/Content/AudioMaterialSlate/M_AudioMaterialMeter.uexp" 712
"../../../Engine/Plugins/Runtime/AudioWidgets/Content/AudioMaterialSlate/MI_AudioMaterialMeter.uasset" 713
"../../../Engine/Plugins/Runtime/AudioWidgets/Content/AudioMaterialSlate/MI_AudioMaterialMeter.uexp" 714
"../../../Engine/Plugins/Runtime/AudioWidgets/Content/AudioMaterialSlate/M_AudioMaterialKnob.uasset" 715
"../../../Engine/Plugins/Runtime/AudioWidgets/Content/AudioMaterialSlate/M_AudioMaterialKnob.uexp" 716
"../../../Engine/Plugins/Runtime/AudioWidgets/Content/AudioMaterialSlate/MI_AudioMaterialKnob.uasset" 717
"../../../Engine/Plugins/Runtime/AudioWidgets/Content/AudioMaterialSlate/MI_AudioMaterialKnob.uexp" 718
"../../../Engine/Plugins/Runtime/AudioWidgets/Content/AudioMaterialSlate/Functions/MF_DotOutlined.uasset" 719
"../../../Engine/Plugins/Runtime/AudioWidgets/Content/AudioMaterialSlate/Functions/MF_DotOutlined.uexp" 720
"../../../Engine/Plugins/Runtime/AudioWidgets/Content/AudioMaterialSlate/M_AudioMaterialEnvelope_ADSR.uasset" 721
"../../../Engine/Plugins/Runtime/AudioWidgets/Content/AudioMaterialSlate/M_AudioMaterialEnvelope_ADSR.uexp" 722
"../../../Engine/Plugins/Runtime/AudioWidgets/Content/AudioMaterialSlate/MI_AudioMaterialEnvelope_ADSR.uasset" 723
"../../../Engine/Plugins/Runtime/AudioWidgets/Content/AudioMaterialSlate/MI_AudioMaterialEnvelope_ADSR.uexp" 724
"../../../Engine/Plugins/Animation/ControlRig/Content/Controls/ControlRig_Wedge_solid.ubulk" 725
"../../../Engine/Plugins/Animation/ControlRig/Content/Controls/ControlRig_Wedge_solid.uasset" 726
"../../../Engine/Plugins/Animation/ControlRig/Content/Controls/ControlRig_Wedge_solid.uexp" 727
"../../../Engine/Plugins/Animation/ControlRig/Content/Controls/ControlRig_Wedge_3mm.ubulk" 728
"../../../Engine/Plugins/Animation/ControlRig/Content/Controls/ControlRig_Wedge_3mm.uasset" 729
"../../../Engine/Plugins/Animation/ControlRig/Content/Controls/ControlRig_Wedge_3mm.uexp" 730
"../../../Engine/Plugins/Animation/ControlRig/Content/Controls/ControlRig_Wedge_1mm.ubulk" 731
"../../../Engine/Plugins/Animation/ControlRig/Content/Controls/ControlRig_Wedge_1mm.uasset" 732
"../../../Engine/Plugins/Animation/ControlRig/Content/Controls/ControlRig_Wedge_1mm.uexp" 733
"../../../Engine/Plugins/Animation/ControlRig/Content/Controls/ControlRig_Triangle_solid.ubulk" 734
"../../../Engine/Plugins/Animation/ControlRig/Content/Controls/ControlRig_Triangle_solid.uasset" 735
"../../../Engine/Plugins/Animation/ControlRig/Content/Controls/ControlRig_Triangle_solid.uexp" 736
"../../../Engine/Plugins/Animation/ControlRig/Content/Controls/ControlRig_Triangle_3mm.ubulk" 737
"../../../Engine/Plugins/Animation/ControlRig/Content/Controls/ControlRig_Triangle_3mm.uasset" 738
"../../../Engine/Plugins/Animation/ControlRig/Content/Controls/ControlRig_Triangle_3mm.uexp" 739
"../../../Engine/Plugins/Animation/ControlRig/Content/Controls/ControlRig_Triangle_1mm.ubulk" 740
"../../../Engine/Plugins/Animation/ControlRig/Content/Controls/ControlRig_Triangle_1mm.uasset" 741
"../../../Engine/Plugins/Animation/ControlRig/Content/Controls/ControlRig_Triangle_1mm.uexp" 742
"../../../Engine/Plugins/Animation/ControlRig/Content/Controls/ControlRig_Star4_solid.ubulk" 743
"../../../Engine/Plugins/Animation/ControlRig/Content/Controls/ControlRig_Star4_solid.uasset" 744
"../../../Engine/Plugins/Animation/ControlRig/Content/Controls/ControlRig_Star4_solid.uexp" 745
"../../../Engine/Plugins/Animation/ControlRig/Content/Controls/ControlRig_Star4_3mm.ubulk" 746
"../../../Engine/Plugins/Animation/ControlRig/Content/Controls/ControlRig_Star4_3mm.uasset" 747
"../../../Engine/Plugins/Animation/ControlRig/Content/Controls/ControlRig_Star4_3mm.uexp" 748
"../../../Engine/Plugins/Animation/ControlRig/Content/Controls/ControlRig_Star4_1mm.ubulk" 749
"../../../Engine/Plugins/Animation/ControlRig/Content/Controls/ControlRig_Star4_1mm.uasset" 750
"../../../Engine/Plugins/Animation/ControlRig/Content/Controls/ControlRig_Star4_1mm.uexp" 751
"../../../Engine/Plugins/Animation/ControlRig/Content/Controls/ControlRig_Square_solid.ubulk" 752
"../../../Engine/Plugins/Animation/ControlRig/Content/Controls/ControlRig_Square_solid.uasset" 753
"../../../Engine/Plugins/Animation/ControlRig/Content/Controls/ControlRig_Square_solid.uexp" 754
"../../../Engine/Plugins/Animation/ControlRig/Content/Controls/ControlRig_Square_3mm.ubulk" 755
"../../../Engine/Plugins/Animation/ControlRig/Content/Controls/ControlRig_Square_3mm.uasset" 756
"../../../Engine/Plugins/Animation/ControlRig/Content/Controls/ControlRig_Square_3mm.uexp" 757
"../../../Engine/Plugins/Animation/ControlRig/Content/Controls/ControlRig_Square_1mm.ubulk" 758
"../../../Engine/Plugins/Animation/ControlRig/Content/Controls/ControlRig_Square_1mm.uasset" 759
"../../../Engine/Plugins/Animation/ControlRig/Content/Controls/ControlRig_Square_1mm.uexp" 760
"../../../Engine/Plugins/Animation/ControlRig/Content/Controls/ControlRig_Sphere_solid.ubulk" 761
"../../../Engine/Plugins/Animation/ControlRig/Content/Controls/ControlRig_Sphere_solid.uasset" 762
"../../../Engine/Plugins/Animation/ControlRig/Content/Controls/ControlRig_Sphere_solid.uexp" 763
"../../../Engine/Plugins/Animation/ControlRig/Content/Controls/ControlRig_Sphere_3mm.ubulk" 764
"../../../Engine/Plugins/Animation/ControlRig/Content/Controls/ControlRig_Sphere_3mm.uasset" 765
"../../../Engine/Plugins/Animation/ControlRig/Content/Controls/ControlRig_Sphere_3mm.uexp" 766
"../../../Engine/Plugins/Animation/ControlRig/Content/Controls/ControlRig_Sphere_1mm.ubulk" 767
"../../../Engine/Plugins/Animation/ControlRig/Content/Controls/ControlRig_Sphere_1mm.uasset" 768
"../../../Engine/Plugins/Animation/ControlRig/Content/Controls/ControlRig_Sphere_1mm.uexp" 769
"../../../Engine/Plugins/Animation/ControlRig/Content/Controls/ControlRig_RoundedTriangle_solid.ubulk" 770
"../../../Engine/Plugins/Animation/ControlRig/Content/Controls/ControlRig_RoundedTriangle_solid.uasset" 771
"../../../Engine/Plugins/Animation/ControlRig/Content/Controls/ControlRig_RoundedTriangle_solid.uexp" 772
"../../../Engine/Plugins/Animation/ControlRig/Content/Controls/ControlRig_RoundedTriangle_3mm.ubulk" 773
"../../../Engine/Plugins/Animation/ControlRig/Content/Controls/ControlRig_RoundedTriangle_3mm.uasset" 774
"../../../Engine/Plugins/Animation/ControlRig/Content/Controls/ControlRig_RoundedTriangle_3mm.uexp" 775
"../../../Engine/Plugins/Animation/ControlRig/Content/Controls/ControlRig_RoundedTriangle_1mm.ubulk" 776
"../../../Engine/Plugins/Animation/ControlRig/Content/Controls/ControlRig_RoundedTriangle_1mm.uasset" 777
"../../../Engine/Plugins/Animation/ControlRig/Content/Controls/ControlRig_RoundedTriangle_1mm.uexp" 778
"../../../Engine/Plugins/Animation/ControlRig/Content/Controls/ControlRig_RoundedSquare_solid.ubulk" 779
"../../../Engine/Plugins/Animation/ControlRig/Content/Controls/ControlRig_RoundedSquare_solid.uasset" 780
"../../../Engine/Plugins/Animation/ControlRig/Content/Controls/ControlRig_RoundedSquare_solid.uexp" 781
"../../../Engine/Plugins/Animation/ControlRig/Content/Controls/ControlRig_RoundedSquare_3mm.ubulk" 782
"../../../Engine/Plugins/Animation/ControlRig/Content/Controls/ControlRig_RoundedSquare_3mm.uasset" 783
"../../../Engine/Plugins/Animation/ControlRig/Content/Controls/ControlRig_RoundedSquare_3mm.uexp" 784
"../../../Engine/Plugins/Animation/ControlRig/Content/Controls/ControlRig_RoundedSquare_1mm.ubulk" 785
"../../../Engine/Plugins/Animation/ControlRig/Content/Controls/ControlRig_RoundedSquare_1mm.uasset" 786
"../../../Engine/Plugins/Animation/ControlRig/Content/Controls/ControlRig_RoundedSquare_1mm.uexp" 787
"../../../Engine/Plugins/Animation/ControlRig/Content/Controls/ControlRig_QuarterCircle_solid.ubulk" 788
"../../../Engine/Plugins/Animation/ControlRig/Content/Controls/ControlRig_QuarterCircle_solid.uasset" 789
"../../../Engine/Plugins/Animation/ControlRig/Content/Controls/ControlRig_QuarterCircle_solid.uexp" 790
"../../../Engine/Plugins/Animation/ControlRig/Content/Controls/ControlRig_QuarterCircle_3mm.ubulk" 791
"../../../Engine/Plugins/Animation/ControlRig/Content/Controls/ControlRig_QuarterCircle_3mm.uasset" 792
"../../../Engine/Plugins/Animation/ControlRig/Content/Controls/ControlRig_QuarterCircle_3mm.uexp" 793
"../../../Engine/Plugins/Animation/ControlRig/Content/Controls/ControlRig_QuarterCircle_1mm.ubulk" 794
"../../../Engine/Plugins/Animation/ControlRig/Content/Controls/ControlRig_QuarterCircle_1mm.uasset" 795
"../../../Engine/Plugins/Animation/ControlRig/Content/Controls/ControlRig_QuarterCircle_1mm.uexp" 796
"../../../Engine/Plugins/Animation/ControlRig/Content/Controls/ControlRig_Pyramid_solid.ubulk" 797
"../../../Engine/Plugins/Animation/ControlRig/Content/Controls/ControlRig_Pyramid_solid.uasset" 798
"../../../Engine/Plugins/Animation/ControlRig/Content/Controls/ControlRig_Pyramid_solid.uexp" 799
"../../../Engine/Plugins/Animation/ControlRig/Content/Controls/ControlRig_Pyramid_3mm.ubulk" 800
"../../../Engine/Plugins/Animation/ControlRig/Content/Controls/ControlRig_Pyramid_3mm.uasset" 801
"../../../Engine/Plugins/Animation/ControlRig/Content/Controls/ControlRig_Pyramid_3mm.uexp" 802
"../../../Engine/Plugins/Animation/ControlRig/Content/Controls/ControlRig_Pyramid_1mm.ubulk" 803
"../../../Engine/Plugins/Animation/ControlRig/Content/Controls/ControlRig_Pyramid_1mm.uasset" 804
"../../../Engine/Plugins/Animation/ControlRig/Content/Controls/ControlRig_Pyramid_1mm.uexp" 805
"../../../Engine/Plugins/Animation/ControlRig/Content/Controls/ControlRig_Octagon_solid.ubulk" 806
"../../../Engine/Plugins/Animation/ControlRig/Content/Controls/ControlRig_Octagon_solid.uasset" 807
"../../../Engine/Plugins/Animation/ControlRig/Content/Controls/ControlRig_Octagon_solid.uexp" 808
"../../../Engine/Plugins/Animation/ControlRig/Content/Controls/ControlRig_Octagon_3mm.ubulk" 809
"../../../Engine/Plugins/Animation/ControlRig/Content/Controls/ControlRig_Octagon_3mm.uasset" 810
"../../../Engine/Plugins/Animation/ControlRig/Content/Controls/ControlRig_Octagon_3mm.uexp" 811
"../../../Engine/Plugins/Animation/ControlRig/Content/Controls/ControlRig_Octagon_1mm.ubulk" 812
"../../../Engine/Plugins/Animation/ControlRig/Content/Controls/ControlRig_Octagon_1mm.uasset" 813
"../../../Engine/Plugins/Animation/ControlRig/Content/Controls/ControlRig_Octagon_1mm.uexp" 814
"../../../Engine/Plugins/Animation/ControlRig/Content/Controls/ControlRig_Hexagon_solid.ubulk" 815
"../../../Engine/Plugins/Animation/ControlRig/Content/Controls/ControlRig_Hexagon_solid.uasset" 816
"../../../Engine/Plugins/Animation/ControlRig/Content/Controls/ControlRig_Hexagon_solid.uexp" 817
"../../../Engine/Plugins/Animation/ControlRig/Content/Controls/ControlRig_Hexagon_3mm.ubulk" 818
"../../../Engine/Plugins/Animation/ControlRig/Content/Controls/ControlRig_Hexagon_3mm.uasset" 819
"../../../Engine/Plugins/Animation/ControlRig/Content/Controls/ControlRig_Hexagon_3mm.uexp" 820
"../../../Engine/Plugins/Animation/ControlRig/Content/Controls/ControlRig_Hexagon_1mm.ubulk" 821
"../../../Engine/Plugins/Animation/ControlRig/Content/Controls/ControlRig_Hexagon_1mm.uasset" 822
"../../../Engine/Plugins/Animation/ControlRig/Content/Controls/ControlRig_Hexagon_1mm.uexp" 823
"../../../Engine/Plugins/Animation/ControlRig/Content/Controls/ControlRig_HalfCircle_solid.ubulk" 824
"../../../Engine/Plugins/Animation/ControlRig/Content/Controls/ControlRig_HalfCircle_solid.uasset" 825
"../../../Engine/Plugins/Animation/ControlRig/Content/Controls/ControlRig_HalfCircle_solid.uexp" 826
"../../../Engine/Plugins/Animation/ControlRig/Content/Controls/ControlRig_HalfCircle_3mm.ubulk" 827
"../../../Engine/Plugins/Animation/ControlRig/Content/Controls/ControlRig_HalfCircle_3mm.uasset" 828
"../../../Engine/Plugins/Animation/ControlRig/Content/Controls/ControlRig_HalfCircle_3mm.uexp" 829
"../../../Engine/Plugins/Animation/ControlRig/Content/Controls/ControlRig_HalfCircle_1mm.ubulk" 830
"../../../Engine/Plugins/Animation/ControlRig/Content/Controls/ControlRig_HalfCircle_1mm.uasset" 831
"../../../Engine/Plugins/Animation/ControlRig/Content/Controls/ControlRig_HalfCircle_1mm.uexp" 832
"../../../Engine/Plugins/Animation/ControlRig/Content/Controls/ControlRig_Diamond_solid.ubulk" 833
"../../../Engine/Plugins/Animation/ControlRig/Content/Controls/ControlRig_Diamond_solid.uasset" 834
"../../../Engine/Plugins/Animation/ControlRig/Content/Controls/ControlRig_Diamond_solid.uexp" 835
"../../../Engine/Plugins/Animation/ControlRig/Content/Controls/ControlRig_Diamond_3mm.ubulk" 836
"../../../Engine/Plugins/Animation/ControlRig/Content/Controls/ControlRig_Diamond_3mm.uasset" 837
"../../../Engine/Plugins/Animation/ControlRig/Content/Controls/ControlRig_Diamond_3mm.uexp" 838
"../../../Engine/Plugins/Animation/ControlRig/Content/Controls/ControlRig_Diamond_1mm.ubulk" 839
"../../../Engine/Plugins/Animation/ControlRig/Content/Controls/ControlRig_Diamond_1mm.uasset" 840
"../../../Engine/Plugins/Animation/ControlRig/Content/Controls/ControlRig_Diamond_1mm.uexp" 841
"../../../Engine/Plugins/Animation/ControlRig/Content/Controls/ControlRig_Circle_solid.ubulk" 842
"../../../Engine/Plugins/Animation/ControlRig/Content/Controls/ControlRig_Circle_solid.uasset" 843
"../../../Engine/Plugins/Animation/ControlRig/Content/Controls/ControlRig_Circle_solid.uexp" 844
"../../../Engine/Plugins/Animation/ControlRig/Content/Controls/ControlRig_Circle_3mm.ubulk" 845
"../../../Engine/Plugins/Animation/ControlRig/Content/Controls/ControlRig_Circle_3mm.uasset" 846
"../../../Engine/Plugins/Animation/ControlRig/Content/Controls/ControlRig_Circle_3mm.uexp" 847
"../../../Engine/Plugins/Animation/ControlRig/Content/Controls/ControlRig_Circle_1mm.ubulk" 848
"../../../Engine/Plugins/Animation/ControlRig/Content/Controls/ControlRig_Circle_1mm.uasset" 849
"../../../Engine/Plugins/Animation/ControlRig/Content/Controls/ControlRig_Circle_1mm.uexp" 850
"../../../Engine/Plugins/Animation/ControlRig/Content/Controls/ControlRig_Box_solid.ubulk" 851
"../../../Engine/Plugins/Animation/ControlRig/Content/Controls/ControlRig_Box_solid.uasset" 852
"../../../Engine/Plugins/Animation/ControlRig/Content/Controls/ControlRig_Box_solid.uexp" 853
"../../../Engine/Plugins/Animation/ControlRig/Content/Controls/ControlRig_Box_3mm.ubulk" 854
"../../../Engine/Plugins/Animation/ControlRig/Content/Controls/ControlRig_Box_3mm.uasset" 855
"../../../Engine/Plugins/Animation/ControlRig/Content/Controls/ControlRig_Box_3mm.uexp" 856
"../../../Engine/Plugins/Animation/ControlRig/Content/Controls/ControlRig_Box_1mm.ubulk" 857
"../../../Engine/Plugins/Animation/ControlRig/Content/Controls/ControlRig_Box_1mm.uasset" 858
"../../../Engine/Plugins/Animation/ControlRig/Content/Controls/ControlRig_Box_1mm.uexp" 859
"../../../Engine/Plugins/Animation/ControlRig/Content/Controls/ControlRig_Arrow_solid.ubulk" 860
"../../../Engine/Plugins/Animation/ControlRig/Content/Controls/ControlRig_Arrow_solid.uasset" 861
"../../../Engine/Plugins/Animation/ControlRig/Content/Controls/ControlRig_Arrow_solid.uexp" 862
"../../../Engine/Plugins/Animation/ControlRig/Content/Controls/ControlRig_Arrow_3mm.ubulk" 863
"../../../Engine/Plugins/Animation/ControlRig/Content/Controls/ControlRig_Arrow_3mm.uasset" 864
"../../../Engine/Plugins/Animation/ControlRig/Content/Controls/ControlRig_Arrow_3mm.uexp" 865
"../../../Engine/Plugins/Animation/ControlRig/Content/Controls/ControlRig_Arrow_1mm.ubulk" 866
"../../../Engine/Plugins/Animation/ControlRig/Content/Controls/ControlRig_Arrow_1mm.uasset" 867
"../../../Engine/Plugins/Animation/ControlRig/Content/Controls/ControlRig_Arrow_1mm.uexp" 868
"../../../Engine/Plugins/Animation/ControlRig/Content/Controls/ControlRig_Arrow4_solid.ubulk" 869
"../../../Engine/Plugins/Animation/ControlRig/Content/Controls/ControlRig_Arrow4_solid.uasset" 870
"../../../Engine/Plugins/Animation/ControlRig/Content/Controls/ControlRig_Arrow4_solid.uexp" 871
"../../../Engine/Plugins/Animation/ControlRig/Content/Controls/ControlRig_Arrow4_3mm.ubulk" 872
"../../../Engine/Plugins/Animation/ControlRig/Content/Controls/ControlRig_Arrow4_3mm.uasset" 873
"../../../Engine/Plugins/Animation/ControlRig/Content/Controls/ControlRig_Arrow4_3mm.uexp" 874
"../../../Engine/Plugins/Animation/ControlRig/Content/Controls/ControlRig_Arrow4_1mm.ubulk" 875
"../../../Engine/Plugins/Animation/ControlRig/Content/Controls/ControlRig_Arrow4_1mm.uasset" 876
"../../../Engine/Plugins/Animation/ControlRig/Content/Controls/ControlRig_Arrow4_1mm.uexp" 877
"../../../Engine/Plugins/Animation/ControlRig/Content/Controls/ControlRig_Arrow2_solid.ubulk" 878
"../../../Engine/Plugins/Animation/ControlRig/Content/Controls/ControlRig_Arrow2_solid.uasset" 879
"../../../Engine/Plugins/Animation/ControlRig/Content/Controls/ControlRig_Arrow2_solid.uexp" 880
"../../../Engine/Plugins/Animation/ControlRig/Content/Controls/ControlRig_Arrow2_3mm.ubulk" 881
"../../../Engine/Plugins/Animation/ControlRig/Content/Controls/ControlRig_Arrow2_3mm.uasset" 882
"../../../Engine/Plugins/Animation/ControlRig/Content/Controls/ControlRig_Arrow2_3mm.uexp" 883
"../../../Engine/Plugins/Animation/ControlRig/Content/Controls/ControlRig_Arrow2_1mm.ubulk" 884
"../../../Engine/Plugins/Animation/ControlRig/Content/Controls/ControlRig_Arrow2_1mm.uasset" 885
"../../../Engine/Plugins/Animation/ControlRig/Content/Controls/ControlRig_Arrow2_1mm.uexp" 886
"../../../Engine/Content/VREditor/LaserPointer/VR_LaserPower_01.ubulk" 887
"../../../Engine/Content/VREditor/LaserPointer/VR_LaserPower_01.uasset" 888
"../../../Engine/Content/VREditor/LaserPointer/VR_LaserPower_01.uexp" 889
"../../../Engine/Content/VREditor/TransformGizmo/TransformGizmoMaterial.uasset" 890
"../../../Engine/Content/VREditor/TransformGizmo/TransformGizmoMaterial.uexp" 891
"../../../Engine/Content/VREditor/TransformGizmo/TranslucentTransformGizmoMaterial.uasset" 892
"../../../Engine/Content/VREditor/TransformGizmo/TranslucentTransformGizmoMaterial.uexp" 893
"../../../Engine/Content/VREditor/TransformGizmo/StartRotationHandleIndicator.ubulk" 894
"../../../Engine/Content/VREditor/TransformGizmo/StartRotationHandleIndicator.uasset" 895
"../../../Engine/Content/VREditor/TransformGizmo/StartRotationHandleIndicator.uexp" 896
"../../../Engine/Content/VREditor/Sounds/UI/Drop_Item_From_ContentBrowser.ubulk" 897
"../../../Engine/Content/VREditor/Sounds/UI/Drop_Item_From_ContentBrowser.uasset" 898
"../../../Engine/Content/VREditor/Sounds/UI/Drop_Item_From_ContentBrowser.uexp" 899
"../../../Engine/Content/VREditor/TransformGizmo/PlaneTranslationHandle.ubulk" 900
"../../../Engine/Content/VREditor/TransformGizmo/PlaneTranslationHandle.uasset" 901
"../../../Engine/Content/VREditor/TransformGizmo/PlaneTranslationHandle.uexp" 902
"../../../Engine/Content/VREditor/Sounds/UI/Object_Snaps_To_Grid.ubulk" 903
"../../../Engine/Content/VREditor/Sounds/UI/Object_Snaps_To_Grid.uasset" 904
"../../../Engine/Content/VREditor/Sounds/UI/Object_Snaps_To_Grid.uexp" 905
"../../../Engine/Content/VREditor/Sounds/UI/Selection_Changes.ubulk" 906
"../../../Engine/Content/VREditor/Sounds/UI/Selection_Changes.uasset" 907
"../../../Engine/Content/VREditor/Sounds/UI/Selection_Changes.uexp" 908
"../../../Engine/Content/VREditor/Sounds/UI/Object_Snaps_To_Another_Actor.ubulk" 909
"../../../Engine/Content/VREditor/Sounds/UI/Object_Snaps_To_Another_Actor.uasset" 910
"../../../Engine/Content/VREditor/Sounds/UI/Object_Snaps_To_Another_Actor.uexp" 911
"../../../Engine/Content/VREditor/TransformGizmo/TranslucentTransformGizmoMaterial_Inst.uasset" 912
"../../../Engine/Content/VREditor/TransformGizmo/TranslucentTransformGizmoMaterial_Inst.uexp" 913
"../../../Engine/Content/VREditor/TransformGizmo/TransformGizmoFreeRotation.ubulk" 914
"../../../Engine/Content/VREditor/TransformGizmo/TransformGizmoFreeRotation.uasset" 915
"../../../Engine/Content/VREditor/TransformGizmo/TransformGizmoFreeRotation.uexp" 916
"../../../Engine/Content/VREditor/Sounds/UI/Scaling_Down.ubulk" 917
"../../../Engine/Content/VREditor/Sounds/UI/Scaling_Down.uasset" 918
"../../../Engine/Content/VREditor/Sounds/UI/Scaling_Down.uexp" 919
"../../../Engine/Content/Functions/Engine_MaterialFunctions02/SplitComponents.uasset" 920
"../../../Engine/Content/Functions/Engine_MaterialFunctions02/SplitComponents.uexp" 921
"../../../Engine/Content/VREditor/SnapGrid/SnapGridMaterial.uasset" 922
"../../../Engine/Content/VREditor/SnapGrid/SnapGridMaterial.uexp" 923
"../../../Engine/Content/VREditor/SnapGrid/SnapGridPlaneMesh.ubulk" 924
"../../../Engine/Content/VREditor/SnapGrid/SnapGridPlaneMesh.uasset" 925
"../../../Engine/Content/VREditor/SnapGrid/SnapGridPlaneMesh.uexp" 926
"../../../Engine/Content/VREditor/Sounds/UI/Scaling_Up.ubulk" 927
"../../../Engine/Content/VREditor/Sounds/UI/Scaling_Up.uasset" 928
"../../../Engine/Content/VREditor/Sounds/UI/Scaling_Up.uexp" 929
"../../../Engine/Content/VREditor/TransformGizmo/TransformGizmoMaterial_Inst.uasset" 930
"../../../Engine/Content/VREditor/TransformGizmo/TransformGizmoMaterial_Inst.uexp" 931
"../../../Engine/Content/VREditor/Sounds/UI/Gizmo_Handle_Clicked.ubulk" 932
"../../../Engine/Content/VREditor/Sounds/UI/Gizmo_Handle_Clicked.uasset" 933
"../../../Engine/Content/VREditor/Sounds/UI/Gizmo_Handle_Clicked.uexp" 934
"../../../Engine/Content/VREditor/TransformGizmo/RotationHandleQuarter.ubulk" 935
"../../../Engine/Content/VREditor/TransformGizmo/RotationHandleQuarter.uasset" 936
"../../../Engine/Content/VREditor/TransformGizmo/RotationHandleQuarter.uexp" 937
"../../../Engine/Content/VREditor/TransformGizmo/TranslateArrowHandle.ubulk" 938
"../../../Engine/Content/VREditor/TransformGizmo/TranslateArrowHandle.uasset" 939
"../../../Engine/Content/VREditor/TransformGizmo/TranslateArrowHandle.uexp" 940
"../../../Engine/Content/VREditor/TransformGizmo/RotationHandleIndicator.ubulk" 941
"../../../Engine/Content/VREditor/TransformGizmo/RotationHandleIndicator.uasset" 942
"../../../Engine/Content/VREditor/TransformGizmo/RotationHandleIndicator.uexp" 943
"../../../Engine/Content/VREditor/TransformGizmo/UniformScaleHandle.ubulk" 944
"../../../Engine/Content/VREditor/TransformGizmo/UniformScaleHandle.uasset" 945
"../../../Engine/Content/VREditor/TransformGizmo/UniformScaleHandle.uexp" 946
"../../../Engine/Content/VREditor/TransformGizmo/RotationHandleFull.ubulk" 947
"../../../Engine/Content/VREditor/TransformGizmo/RotationHandleFull.uasset" 948
"../../../Engine/Content/VREditor/TransformGizmo/RotationHandleFull.uexp" 949
"../../../Engine/Content/VREditor/Sounds/UI/Object_PickUp.ubulk" 950
"../../../Engine/Content/VREditor/Sounds/UI/Object_PickUp.uasset" 951
"../../../Engine/Content/VREditor/Sounds/UI/Object_PickUp.uexp" 952
"../../../Engine/Content/EngineResources/WhiteSquareTexture.uasset" 953
"../../../Engine/Content/EngineResources/WhiteSquareTexture.uexp" 954
"../../../Engine/Content/EngineMaterials/Widget3DPassThrough.uasset" 955
"../../../Engine/Content/EngineMaterials/Widget3DPassThrough.uexp" 956
"../../../Engine/Content/EngineMaterials/Widget3DPassThrough_Translucent.uasset" 957
"../../../Engine/Content/EngineMaterials/Widget3DPassThrough_Translucent.uexp" 958
"../../../Engine/Content/EngineMaterials/Widget3DPassThrough_Translucent_OneSided.uasset" 959
"../../../Engine/Content/EngineMaterials/Widget3DPassThrough_Translucent_OneSided.uexp" 960
"../../../Engine/Content/EngineMaterials/Widget3DPassThrough_Opaque.uasset" 961
"../../../Engine/Content/EngineMaterials/Widget3DPassThrough_Opaque.uexp" 962
"../../../Engine/Content/EngineMaterials/Widget3DPassThrough_Opaque_OneSided.uasset" 963
"../../../Engine/Content/EngineMaterials/Widget3DPassThrough_Opaque_OneSided.uexp" 964
"../../../Engine/Content/EngineMaterials/Widget3DPassThrough_Masked_OneSided.uasset" 965
"../../../Engine/Content/EngineMaterials/Widget3DPassThrough_Masked_OneSided.uexp" 966
"../../../Engine/Content/EngineMaterials/Widget3DPassThrough_Masked.uasset" 967
"../../../Engine/Content/EngineMaterials/Widget3DPassThrough_Masked.uexp" 968
"../../../Engine/Content/EditorLandscapeResources/SplineEditorMeshMat.uasset" 969
"../../../Engine/Content/EditorLandscapeResources/SplineEditorMeshMat.uexp" 970
"../../../Engine/Content/EditorLandscapeResources/SplineEditorMesh.ubulk" 971
"../../../Engine/Content/EditorLandscapeResources/SplineEditorMesh.uasset" 972
"../../../Engine/Content/EditorLandscapeResources/SplineEditorMesh.uexp" 973
"../../../Engine/Content/EngineMaterials/DefaultMaterial.uasset" 974
"../../../Engine/Content/EngineMaterials/DefaultMaterial.uexp" 975
"../../../Engine/Content/BasicShapes/Cylinder.ubulk" 976
"../../../Engine/Content/BasicShapes/Cylinder.uasset" 977
"../../../Engine/Content/BasicShapes/Cylinder.uexp" 978
"../../../Engine/Content/BasicShapes/Cone.ubulk" 979
"../../../Engine/Content/BasicShapes/Cone.uasset" 980
"../../../Engine/Content/BasicShapes/Cone.uexp" 981
"../../../Engine/Plugins/Interchange/Assets/Content/gltf/MaterialBodies/MF_Unlit_Body.uasset" 982
"../../../Engine/Plugins/Interchange/Assets/Content/gltf/MaterialBodies/MF_Unlit_Body.uexp" 983
"../../../Engine/Plugins/Interchange/Assets/Content/gltf/M_Unlit.uasset" 984
"../../../Engine/Plugins/Interchange/Assets/Content/gltf/M_Unlit.uexp" 985
"../../../Engine/Plugins/Interchange/Assets/Content/gltf/MaterialInstances/MI_Unlit_Opaque_DS.uasset" 986
"../../../Engine/Plugins/Interchange/Assets/Content/gltf/MaterialInstances/MI_Unlit_Opaque_DS.uexp" 987
"../../../Engine/Plugins/Interchange/Assets/Content/gltf/MaterialInstances/MI_Unlit_Opaque.uasset" 988
"../../../Engine/Plugins/Interchange/Assets/Content/gltf/MaterialInstances/MI_Unlit_Opaque.uexp" 989
"../../../Engine/Plugins/Interchange/Assets/Content/gltf/MaterialInstances/MI_Unlit_Mask_DS.uasset" 990
"../../../Engine/Plugins/Interchange/Assets/Content/gltf/MaterialInstances/MI_Unlit_Mask_DS.uexp" 991
"../../../Engine/Plugins/Interchange/Assets/Content/gltf/MaterialInstances/MI_Unlit_Mask.uasset" 992
"../../../Engine/Plugins/Interchange/Assets/Content/gltf/MaterialInstances/MI_Unlit_Mask.uexp" 993
"../../../Engine/Plugins/Interchange/Assets/Content/gltf/MaterialInstances/MI_Unlit_Blend_DS.uasset" 994
"../../../Engine/Plugins/Interchange/Assets/Content/gltf/MaterialInstances/MI_Unlit_Blend_DS.uexp" 995
"../../../Engine/Plugins/Interchange/Assets/Content/gltf/MaterialInstances/MI_Unlit_Blend.uasset" 996
"../../../Engine/Plugins/Interchange/Assets/Content/gltf/MaterialInstances/MI_Unlit_Blend.uexp" 997
"../../../Engine/Content/EngineMaterials/Good64x64TilingNoiseHighFreq.uasset" 998
"../../../Engine/Content/EngineMaterials/Good64x64TilingNoiseHighFreq.uexp" 999
"../../../Engine/Content/Functions/Engine_MaterialFunctions02/Texturing/ScreenAlignedPixelToPixelUVs.uasset" 1000
"../../../Engine/Content/Functions/Engine_MaterialFunctions02/Texturing/ScreenAlignedPixelToPixelUVs.uexp" 1001
"../../../Engine/Plugins/Interchange/Assets/Content/gltf/MaterialFunctions/MF_Temporal_Blur.uasset" 1002
"../../../Engine/Plugins/Interchange/Assets/Content/gltf/MaterialFunctions/MF_Temporal_Blur.uexp" 1003
"../../../Engine/Plugins/Interchange/Assets/Content/gltf/MaterialFunctions/MF_Fresnel_DS.uasset" 1004
"../../../Engine/Plugins/Interchange/Assets/Content/gltf/MaterialFunctions/MF_Fresnel_DS.uexp" 1005
"../../../Engine/Plugins/Interchange/Assets/Content/gltf/MaterialFunctions/MF_Transmission.uasset" 1006
"../../../Engine/Plugins/Interchange/Assets/Content/gltf/MaterialFunctions/MF_Transmission.uexp" 1007
"../../../Engine/Plugins/Interchange/Assets/Content/gltf/MaterialBodies/MF_Transmission_Body.uasset" 1008
"../../../Engine/Plugins/Interchange/Assets/Content/gltf/MaterialBodies/MF_Transmission_Body.uexp" 1009
"../../../Engine/Plugins/Interchange/Assets/Content/gltf/M_Transmission.uasset" 1010
"../../../Engine/Plugins/Interchange/Assets/Content/gltf/M_Transmission.uexp" 1011
"../../../Engine/Plugins/Interchange/Assets/Content/gltf/MaterialInstances/MI_Transmission_DS.uasset" 1012
"../../../Engine/Plugins/Interchange/Assets/Content/gltf/MaterialInstances/MI_Transmission_DS.uexp" 1013
"../../../Engine/Plugins/Interchange/Assets/Content/gltf/MaterialInstances/MI_Transmission.uasset" 1014
"../../../Engine/Plugins/Interchange/Assets/Content/gltf/MaterialInstances/MI_Transmission.uexp" 1015
"../../../Engine/Content/Functions/Engine_MaterialFunctions02/Math/AddComponents.uasset" 1016
"../../../Engine/Content/Functions/Engine_MaterialFunctions02/Math/AddComponents.uexp" 1017
"../../../Engine/Plugins/Interchange/Assets/Content/gltf/MaterialFunctions/MF_DiffuseSpecGloss.uasset" 1018
"../../../Engine/Plugins/Interchange/Assets/Content/gltf/MaterialFunctions/MF_DiffuseSpecGloss.uexp" 1019
"../../../Engine/Plugins/Interchange/Assets/Content/gltf/MaterialFunctions/MF_PerceivedBrightness.uasset" 1020
"../../../Engine/Plugins/Interchange/Assets/Content/gltf/MaterialFunctions/MF_PerceivedBrightness.uexp" 1021
"../../../Engine/Plugins/Interchange/Assets/Content/gltf/MaterialFunctions/MF_SpecGlossToMetalRoughness.uasset" 1022
"../../../Engine/Plugins/Interchange/Assets/Content/gltf/MaterialFunctions/MF_SpecGlossToMetalRoughness.uexp" 1023
"../../../Engine/Plugins/Interchange/Assets/Content/gltf/MaterialFunctions/MF_MaxComponentValue.uasset" 1024
"../../../Engine/Plugins/Interchange/Assets/Content/gltf/MaterialFunctions/MF_MaxComponentValue.uexp" 1025
"../../../Engine/Plugins/Interchange/Assets/Content/gltf/MaterialBodies/MF_SpecularGlossiness_Body.uasset" 1026
"../../../Engine/Plugins/Interchange/Assets/Content/gltf/MaterialBodies/MF_SpecularGlossiness_Body.uexp" 1027
"../../../Engine/Plugins/Interchange/Assets/Content/gltf/M_SpecularGlossiness.uasset" 1028
"../../../Engine/Plugins/Interchange/Assets/Content/gltf/M_SpecularGlossiness.uexp" 1029
"../../../Engine/Plugins/Interchange/Assets/Content/gltf/MaterialInstances/MI_SpecularGlossiness_Opaque_DS.uasset" 1030
"../../../Engine/Plugins/Interchange/Assets/Content/gltf/MaterialInstances/MI_SpecularGlossiness_Opaque_DS.uexp" 1031
"../../../Engine/Plugins/Interchange/Assets/Content/gltf/MaterialInstances/MI_SpecularGlossiness_Opaque.uasset" 1032
"../../../Engine/Plugins/Interchange/Assets/Content/gltf/MaterialInstances/MI_SpecularGlossiness_Opaque.uexp" 1033
"../../../Engine/Plugins/Interchange/Assets/Content/gltf/MaterialInstances/MI_SpecularGlossiness_Mask_DS.uasset" 1034
"../../../Engine/Plugins/Interchange/Assets/Content/gltf/MaterialInstances/MI_SpecularGlossiness_Mask_DS.uexp" 1035
"../../../Engine/Plugins/Interchange/Assets/Content/gltf/MaterialInstances/MI_SpecularGlossiness_Mask.uasset" 1036
"../../../Engine/Plugins/Interchange/Assets/Content/gltf/MaterialInstances/MI_SpecularGlossiness_Mask.uexp" 1037
"../../../Engine/Plugins/Interchange/Assets/Content/gltf/MaterialInstances/MI_SpecularGlossiness_Blend_DS.uasset" 1038
"../../../Engine/Plugins/Interchange/Assets/Content/gltf/MaterialInstances/MI_SpecularGlossiness_Blend_DS.uexp" 1039
"../../../Engine/Plugins/Interchange/Assets/Content/gltf/MaterialInstances/MI_SpecularGlossiness_Blend.uasset" 1040
"../../../Engine/Plugins/Interchange/Assets/Content/gltf/MaterialInstances/MI_SpecularGlossiness_Blend.uexp" 1041
"../../../Engine/Plugins/Interchange/Assets/Content/gltf/MaterialFunctions/MF_Sheen.uasset" 1042
"../../../Engine/Plugins/Interchange/Assets/Content/gltf/MaterialFunctions/MF_Sheen.uexp" 1043
"../../../Engine/Plugins/Interchange/Assets/Content/gltf/MaterialBodies/MF_Sheen_Body.uasset" 1044
"../../../Engine/Plugins/Interchange/Assets/Content/gltf/MaterialBodies/MF_Sheen_Body.uexp" 1045
"../../../Engine/Plugins/Interchange/Assets/Content/gltf/M_Sheen.uasset" 1046
"../../../Engine/Plugins/Interchange/Assets/Content/gltf/M_Sheen.uexp" 1047
"../../../Engine/Plugins/Interchange/Assets/Content/gltf/MaterialInstances/MI_Sheen_Opaque_DS.uasset" 1048
"../../../Engine/Plugins/Interchange/Assets/Content/gltf/MaterialInstances/MI_Sheen_Opaque_DS.uexp" 1049
"../../../Engine/Plugins/Interchange/Assets/Content/gltf/MaterialInstances/MI_Sheen_Opaque.uasset" 1050
"../../../Engine/Plugins/Interchange/Assets/Content/gltf/MaterialInstances/MI_Sheen_Opaque.uexp" 1051
"../../../Engine/Plugins/Interchange/Assets/Content/gltf/MaterialInstances/MI_Sheen_Mask_DS.uasset" 1052
"../../../Engine/Plugins/Interchange/Assets/Content/gltf/MaterialInstances/MI_Sheen_Mask_DS.uexp" 1053
"../../../Engine/Plugins/Interchange/Assets/Content/gltf/MaterialInstances/MI_Sheen_Mask.uasset" 1054
"../../../Engine/Plugins/Interchange/Assets/Content/gltf/MaterialInstances/MI_Sheen_Mask.uexp" 1055
"../../../Engine/Plugins/Interchange/Assets/Content/gltf/MaterialInstances/MI_Sheen_Blend_DS.uasset" 1056
"../../../Engine/Plugins/Interchange/Assets/Content/gltf/MaterialInstances/MI_Sheen_Blend_DS.uexp" 1057
"../../../Engine/Plugins/Interchange/Assets/Content/gltf/MaterialInstances/MI_Sheen_Blend.uasset" 1058
"../../../Engine/Plugins/Interchange/Assets/Content/gltf/MaterialInstances/MI_Sheen_Blend.uexp" 1059
"../../../Engine/Plugins/Interchange/Assets/Content/gltf/MaterialInstances/MI_Default_Mask_DS.uasset" 1060
"../../../Engine/Plugins/Interchange/Assets/Content/gltf/MaterialInstances/MI_Default_Mask_DS.uexp" 1061
"../../../Engine/Plugins/Interchange/Assets/Content/gltf/MaterialInstances/MI_Default_Mask.uasset" 1062
"../../../Engine/Plugins/Interchange/Assets/Content/gltf/MaterialInstances/MI_Default_Mask.uexp" 1063
"../../../Engine/Plugins/Interchange/Assets/Content/gltf/MaterialInstances/MI_Default_Blend_DS.uasset" 1064
"../../../Engine/Plugins/Interchange/Assets/Content/gltf/MaterialInstances/MI_Default_Blend_DS.uexp" 1065
"../../../Engine/Content/Functions/Engine_MaterialFunctions01/Texturing/FlattenNormal.uasset" 1066
"../../../Engine/Content/Functions/Engine_MaterialFunctions01/Texturing/FlattenNormal.uexp" 1067
"../../../Engine/Plugins/Interchange/Assets/Content/gltf/MaterialFunctions/MF_Clearcoat.uasset" 1068
"../../../Engine/Plugins/Interchange/Assets/Content/gltf/MaterialFunctions/MF_Clearcoat.uexp" 1069
"../../../Engine/Plugins/Interchange/Assets/Content/gltf/MaterialBodies/MF_ClearCoat_Body.uasset" 1070
"../../../Engine/Plugins/Interchange/Assets/Content/gltf/MaterialBodies/MF_ClearCoat_Body.uexp" 1071
"../../../Engine/Plugins/Interchange/Assets/Content/gltf/M_ClearCoat.uasset" 1072
"../../../Engine/Plugins/Interchange/Assets/Content/gltf/M_ClearCoat.uexp" 1073
"../../../Engine/Plugins/Interchange/Assets/Content/gltf/MaterialInstances/MI_ClearCoat_Opaque_DS.uasset" 1074
"../../../Engine/Plugins/Interchange/Assets/Content/gltf/MaterialInstances/MI_ClearCoat_Opaque_DS.uexp" 1075
"../../../Engine/Plugins/Interchange/Assets/Content/gltf/MaterialInstances/MI_ClearCoat_Opaque.uasset" 1076
"../../../Engine/Plugins/Interchange/Assets/Content/gltf/MaterialInstances/MI_ClearCoat_Opaque.uexp" 1077
"../../../Engine/Plugins/Interchange/Assets/Content/gltf/MaterialInstances/MI_ClearCoat_Mask_DS.uasset" 1078
"../../../Engine/Plugins/Interchange/Assets/Content/gltf/MaterialInstances/MI_ClearCoat_Mask_DS.uexp" 1079
"../../../Engine/Plugins/Interchange/Assets/Content/gltf/MaterialInstances/MI_ClearCoat_Mask.uasset" 1080
"../../../Engine/Plugins/Interchange/Assets/Content/gltf/MaterialInstances/MI_ClearCoat_Mask.uexp" 1081
"../../../Engine/Plugins/Interchange/Assets/Content/gltf/MaterialInstances/MI_ClearCoat_Blend_DS.uasset" 1082
"../../../Engine/Plugins/Interchange/Assets/Content/gltf/MaterialInstances/MI_ClearCoat_Blend_DS.uexp" 1083
"../../../Engine/Plugins/Interchange/Assets/Content/gltf/MaterialInstances/MI_ClearCoat_Blend.uasset" 1084
"../../../Engine/Plugins/Interchange/Assets/Content/gltf/MaterialInstances/MI_ClearCoat_Blend.uexp" 1085
"../../../Engine/Content/VREditor/TransformGizmo/BoundingBoxEdge.ubulk" 1086
"../../../Engine/Content/VREditor/TransformGizmo/BoundingBoxEdge.uasset" 1087
"../../../Engine/Content/VREditor/TransformGizmo/BoundingBoxEdge.uexp" 1088
"../../../Engine/Content/VREditor/TransformGizmo/BoundingBoxCorner.ubulk" 1089
"../../../Engine/Content/VREditor/TransformGizmo/BoundingBoxCorner.uasset" 1090
"../../../Engine/Content/VREditor/TransformGizmo/BoundingBoxCorner.uexp" 1091
"../../../Engine/Content/EngineSky/VolumetricClouds/T_CloudMask.ubulk" 1092
"../../../Engine/Content/EngineSky/VolumetricClouds/T_CloudMask.uasset" 1093
"../../../Engine/Content/EngineSky/VolumetricClouds/T_CloudMask.uexp" 1094
"../../../Engine/Content/EngineSky/VolumetricClouds/VT_Lightning.uasset" 1095
"../../../Engine/Content/EngineSky/VolumetricClouds/VT_Lightning.uexp" 1096
"../../../Engine/Content/EngineSky/VolumetricClouds/T_Profile_08.ubulk" 1097
"../../../Engine/Content/EngineSky/VolumetricClouds/T_Profile_08.uasset" 1098
"../../../Engine/Content/EngineSky/VolumetricClouds/T_Profile_08.uexp" 1099
"../../../Engine/Content/Functions/Engine_MaterialFunctions02/Utility/MakeFloat4.uasset" 1100
"../../../Engine/Content/Functions/Engine_MaterialFunctions02/Utility/MakeFloat4.uexp" 1101
"../../../Engine/Content/Functions/Engine_MaterialFunctions01/Units/Km-to-Cm.uasset" 1102
"../../../Engine/Content/Functions/Engine_MaterialFunctions01/Units/Km-to-Cm.uexp" 1103
"../../../Engine/Content/Functions/Engine_MaterialFunctions02/Utility/BreakOutFloat4Components.uasset" 1104
"../../../Engine/Content/Functions/Engine_MaterialFunctions02/Utility/BreakOutFloat4Components.uexp" 1105
"../../../Engine/Content/EngineSky/VolumetricClouds/T_CloudPattern.ubulk" 1106
"../../../Engine/Content/EngineSky/VolumetricClouds/T_CloudPattern.uasset" 1107
"../../../Engine/Content/EngineSky/VolumetricClouds/T_CloudPattern.uexp" 1108
"../../../Engine/Content/EngineSky/VolumetricClouds/VT_PerlinWorley_Balanced.uasset" 1109
"../../../Engine/Content/EngineSky/VolumetricClouds/VT_PerlinWorley_Balanced.uexp" 1110
"../../../Engine/Content/EngineSky/VolumetricClouds/m_SimpleVolumetricCloud.uasset" 1111
"../../../Engine/Content/EngineSky/VolumetricClouds/m_SimpleVolumetricCloud.uexp" 1112
"../../../Engine/Content/EngineSky/VolumetricClouds/m_SimpleVolumetricCloud_Inst.uasset" 1113
"../../../Engine/Content/EngineSky/VolumetricClouds/m_SimpleVolumetricCloud_Inst.uexp" 1114
"../../../Engine/Content/EditorMaterials/Camera/CineMat.uasset" 1115
"../../../Engine/Content/EditorMaterials/Camera/CineMat.uexp" 1116
"../../../Engine/Content/EditorMaterials/Camera/MI_CineMat_Rig.uasset" 1117
"../../../Engine/Content/EditorMaterials/Camera/MI_CineMat_Rig.uexp" 1118
"../../../Engine/Content/EditorMeshes/Camera/SM_RailRig_Track.ubulk" 1119
"../../../Engine/Content/EditorMeshes/Camera/SM_RailRig_Track.uasset" 1120
"../../../Engine/Content/EditorMeshes/Camera/SM_RailRig_Track.uexp" 1121
"../../../Engine/Content/EditorMeshes/Camera/SM_RailRig_Mount.ubulk" 1122
"../../../Engine/Content/EditorMeshes/Camera/SM_RailRig_Mount.uasset" 1123
"../../../Engine/Content/EditorMeshes/Camera/SM_RailRig_Mount.uexp" 1124
"../../../Engine/Content/EditorMeshes/Camera/SM_CraneRig_Mount.ubulk" 1125
"../../../Engine/Content/EditorMeshes/Camera/SM_CraneRig_Mount.uasset" 1126
"../../../Engine/Content/EditorMeshes/Camera/SM_CraneRig_Mount.uexp" 1127
"../../../Engine/Content/EditorMeshes/Camera/SM_CraneRig_Body.ubulk" 1128
"../../../Engine/Content/EditorMeshes/Camera/SM_CraneRig_Body.uasset" 1129
"../../../Engine/Content/EditorMeshes/Camera/SM_CraneRig_Body.uexp" 1130
"../../../Engine/Content/EditorMeshes/Camera/SM_CraneRig_Base.ubulk" 1131
"../../../Engine/Content/EditorMeshes/Camera/SM_CraneRig_Base.uasset" 1132
"../../../Engine/Content/EditorMeshes/Camera/SM_CraneRig_Base.uexp" 1133
"../../../Engine/Content/EditorMeshes/Camera/SM_CraneRig_Arm.ubulk" 1134
"../../../Engine/Content/EditorMeshes/Camera/SM_CraneRig_Arm.uasset" 1135
"../../../Engine/Content/EditorMeshes/Camera/SM_CraneRig_Arm.uexp" 1136
"../../../Engine/Content/ArtTools/RenderToTexture/Meshes/S_1_Unit_Plane.ubulk" 1137
"../../../Engine/Content/ArtTools/RenderToTexture/Meshes/S_1_Unit_Plane.uasset" 1138
"../../../Engine/Content/ArtTools/RenderToTexture/Meshes/S_1_Unit_Plane.uexp" 1139
"../../../Engine/Plugins/NNE/NNEDenoiser/Content/NNE_oidn2-3-0_rt_hdr_calb_cnrm_large__dyn__fp16_opset11_ForwardAlpha.uasset" 1140
"../../../Engine/Plugins/NNE/NNEDenoiser/Content/NNE_oidn2-3-0_rt_hdr_calb_cnrm_large__dyn__fp16_opset11_ForwardAlpha.uexp" 1141
"../../../Engine/Plugins/NNE/NNEDenoiser/Content/NNE_oidn2-3-0_rt_hdr_calb_cnrm_large__dyn__fp16_opset11_DenoiseAlpha.uasset" 1142
"../../../Engine/Plugins/NNE/NNEDenoiser/Content/NNE_oidn2-3-0_rt_hdr_calb_cnrm_large__dyn__fp16_opset11_DenoiseAlpha.uexp" 1143
"../../../Engine/Plugins/NNE/NNEDenoiser/Content/NNE_oidn2-3-0_rt_hdr_alb_nrm__dyn__fp16_opset11_ForwardAlpha.uasset" 1144
"../../../Engine/Plugins/NNE/NNEDenoiser/Content/NNE_oidn2-3-0_rt_hdr_alb_nrm__dyn__fp16_opset11_ForwardAlpha.uexp" 1145
"../../../Engine/Plugins/NNE/NNEDenoiser/Content/NNE_oidn2-3-0_rt_hdr_alb_nrm__dyn__fp16_opset11_DenoiseAlpha.uasset" 1146
"../../../Engine/Plugins/NNE/NNEDenoiser/Content/NNE_oidn2-3-0_rt_hdr_alb_nrm__dyn__fp16_opset11_DenoiseAlpha.uexp" 1147
"../../../Engine/Plugins/NNE/NNEDenoiser/Content/NNE_oidn2-3-0_rt_hdr_alb_nrm_small__dyn__fp16_opset11_ForwardAlpha.uasset" 1148
"../../../Engine/Plugins/NNE/NNEDenoiser/Content/NNE_oidn2-3-0_rt_hdr_alb_nrm_small__dyn__fp16_opset11_ForwardAlpha.uexp" 1149
"../../../Engine/Plugins/NNE/NNEDenoiser/Content/NNE_oidn2-3-0_rt_hdr_alb_nrm_small__dyn__fp16_opset11_DenoiseAlpha.uasset" 1150
"../../../Engine/Plugins/NNE/NNEDenoiser/Content/NNE_oidn2-3-0_rt_hdr_alb_nrm_small__dyn__fp16_opset11_DenoiseAlpha.uexp" 1151
"../../../Engine/Plugins/NNE/NNEDenoiser/Content/NNED_Oidn2-3_HighQuality_Alpha.uasset" 1152
"../../../Engine/Plugins/NNE/NNEDenoiser/Content/NNED_Oidn2-3_HighQuality_Alpha.uexp" 1153
"../../../Engine/Plugins/NNE/NNEDenoiser/Content/NNED_Oidn2-3_HighQuality.uasset" 1154
"../../../Engine/Plugins/NNE/NNEDenoiser/Content/NNED_Oidn2-3_HighQuality.uexp" 1155
"../../../Engine/Plugins/NNE/NNEDenoiser/Content/NNED_Oidn2-3_Fast_Alpha.uasset" 1156
"../../../Engine/Plugins/NNE/NNEDenoiser/Content/NNED_Oidn2-3_Fast_Alpha.uexp" 1157
"../../../Engine/Plugins/NNE/NNEDenoiser/Content/NNED_Oidn2-3_Fast.uasset" 1158
"../../../Engine/Plugins/NNE/NNEDenoiser/Content/NNED_Oidn2-3_Fast.uexp" 1159
"../../../Engine/Plugins/NNE/NNEDenoiser/Content/NNED_Oidn2-3_Balanced_Alpha.uasset" 1160
"../../../Engine/Plugins/NNE/NNEDenoiser/Content/NNED_Oidn2-3_Balanced_Alpha.uexp" 1161
"../../../Engine/Plugins/NNE/NNEDenoiser/Content/NNED_Oidn2-3_Balanced.uasset" 1162
"../../../Engine/Plugins/NNE/NNEDenoiser/Content/NNED_Oidn2-3_Balanced.uexp" 1163
"../../../Engine/Plugins/NNE/NNEDenoiser/Content/NNEDT_Oidn2-3_Balanced_Alpha.uasset" 1164
"../../../Engine/Plugins/NNE/NNEDenoiser/Content/NNEDT_Oidn2-3_Balanced_Alpha.uexp" 1165
"../../../Engine/Plugins/NNE/NNEDenoiser/Content/NNEDT_Oidn2-3_Balanced.uasset" 1166
"../../../Engine/Plugins/NNE/NNEDenoiser/Content/NNEDT_Oidn2-3_Balanced.uexp" 1167
"../../../Engine/Plugins/Animation/DeformerGraph/Content/Deformers/DG_LinearBlendSkin_Morph_Cloth_RecomputeNormals.uasset" 1168
"../../../Engine/Plugins/Animation/DeformerGraph/Content/Deformers/DG_LinearBlendSkin_Morph_Cloth_RecomputeNormals.uexp" 1169
"../../../Engine/Plugins/Animation/DeformerGraph/Content/Deformers/DG_LinearBlendSkin_Morph_Cloth.uasset" 1170
"../../../Engine/Plugins/Animation/DeformerGraph/Content/Deformers/DG_LinearBlendSkin_Morph_Cloth.uexp" 1171
"../../../Engine/Plugins/Animation/DeformerGraph/Content/DeformerFunctions/DG_Function_LinearBlendSkin_Morph_Cloth_PositionOnly.uasset" 1172
"../../../Engine/Plugins/Animation/DeformerGraph/Content/DeformerFunctions/DG_Function_LinearBlendSkin_Morph_Cloth_PositionOnly.uexp" 1173
"../../../Engine/Plugins/Animation/DeformerGraph/Content/DeformerFunctions/DG_Function_LinearBlendSkin_Morph_Cloth.uasset" 1174
"../../../Engine/Plugins/Animation/DeformerGraph/Content/DeformerFunctions/DG_Function_LinearBlendSkin_Morph_Cloth.uexp" 1175
"../../../Engine/Plugins/Animation/DeformerGraph/Content/DeformerFunctions/DG_Function_ComputeNormalsTangents.uasset" 1176
"../../../Engine/Plugins/Animation/DeformerGraph/Content/DeformerFunctions/DG_Function_ComputeNormalsTangents.uexp" 1177
"../../../Engine/Content/EngineResources/LandscapeVisibilityLayerInfo.uasset" 1178
"../../../Engine/Content/EngineResources/LandscapeVisibilityLayerInfo.uexp" 1179
"../../../Engine/Content/BasicShapes/Cube.ubulk" 1180
"../../../Engine/Content/BasicShapes/Cube.uasset" 1181
"../../../Engine/Content/BasicShapes/Cube.uexp" 1182
"../../../Engine/Content/BasicShapes/Plane.ubulk" 1183
"../../../Engine/Content/BasicShapes/Plane.uasset" 1184
"../../../Engine/Content/BasicShapes/Plane.uexp" 1185
"../../../Engine/Content/EngineMaterials/BlendFunc_DefBlend.uasset" 1186
"../../../Engine/Content/EngineMaterials/BlendFunc_DefBlend.uexp" 1187
"D:/Github/HorrorGameMVP/HorrorMVP/Content/Abandoned_Building/Textures/T_Object_00_BC.ubulk" 1188
"D:/Github/HorrorGameMVP/HorrorMVP/Content/Abandoned_Building/Textures/T_Object_00_BC.uasset" 1189
"D:/Github/HorrorGameMVP/HorrorMVP/Content/Abandoned_Building/Textures/T_Object_00_BC.uexp" 1190
"D:/Github/HorrorGameMVP/HorrorMVP/Content/Abandoned_Building/Textures/T_Sink_N.ubulk" 1191
"D:/Github/HorrorGameMVP/HorrorMVP/Content/Abandoned_Building/Textures/T_Sink_N.uasset" 1192
"D:/Github/HorrorGameMVP/HorrorMVP/Content/Abandoned_Building/Textures/T_Sink_N.uexp" 1193
"D:/Github/HorrorGameMVP/HorrorMVP/Content/Abandoned_Building/Textures/T_Object_00_N.ubulk" 1194
"D:/Github/HorrorGameMVP/HorrorMVP/Content/Abandoned_Building/Textures/T_Object_00_N.uasset" 1195
"D:/Github/HorrorGameMVP/HorrorMVP/Content/Abandoned_Building/Textures/T_Object_00_N.uexp" 1196
"../../../Engine/Content/EngineMaterials/BlendFunc_DefBase.uasset" 1197
"../../../Engine/Content/EngineMaterials/BlendFunc_DefBase.uexp" 1198
"D:/Github/HorrorGameMVP/HorrorMVP/Content/Abandoned_Building/Textures/T_Object_00_AO_R_MT.ubulk" 1199
"D:/Github/HorrorGameMVP/HorrorMVP/Content/Abandoned_Building/Textures/T_Object_00_AO_R_MT.uasset" 1200
"D:/Github/HorrorGameMVP/HorrorMVP/Content/Abandoned_Building/Textures/T_Object_00_AO_R_MT.uexp" 1201
"../../../Engine/Content/Functions/Engine_MaterialFunctions03/Blends/Blend_Lighten.uasset" 1202
"../../../Engine/Content/Functions/Engine_MaterialFunctions03/Blends/Blend_Lighten.uexp" 1203
"D:/Github/HorrorGameMVP/HorrorMVP/Content/Abandoned_Building/Materials/M_Base02.uasset" 1204
"D:/Github/HorrorGameMVP/HorrorMVP/Content/Abandoned_Building/Materials/M_Base02.uexp" 1205
"D:/Github/HorrorGameMVP/HorrorMVP/Content/Abandoned_Building/Textures/T_Sink_AO_R_MT.ubulk" 1206
"D:/Github/HorrorGameMVP/HorrorMVP/Content/Abandoned_Building/Textures/T_Sink_AO_R_MT.uasset" 1207
"D:/Github/HorrorGameMVP/HorrorMVP/Content/Abandoned_Building/Textures/T_Sink_AO_R_MT.uexp" 1208
"D:/Github/HorrorGameMVP/HorrorMVP/Content/Abandoned_Building/Textures/T_Sink_BC.ubulk" 1209
"D:/Github/HorrorGameMVP/HorrorMVP/Content/Abandoned_Building/Textures/T_Sink_BC.uasset" 1210
"D:/Github/HorrorGameMVP/HorrorMVP/Content/Abandoned_Building/Textures/T_Sink_BC.uexp" 1211
"D:/Github/HorrorGameMVP/HorrorMVP/Content/Abandoned_Building/Material_Instances/MI_Sink.uasset" 1212
"D:/Github/HorrorGameMVP/HorrorMVP/Content/Abandoned_Building/Material_Instances/MI_Sink.uexp" 1213
"D:/Github/HorrorGameMVP/HorrorMVP/Content/Abandoned_Building/Meshes/SM_Sink.ubulk" 1214
"D:/Github/HorrorGameMVP/HorrorMVP/Content/Abandoned_Building/Meshes/SM_Sink.uasset" 1215
"D:/Github/HorrorGameMVP/HorrorMVP/Content/Abandoned_Building/Meshes/SM_Sink.uexp" 1216
"D:/Github/HorrorGameMVP/HorrorMVP/Content/IA/Spawners/BP_Spawner.uasset" 1217
"D:/Github/HorrorGameMVP/HorrorMVP/Content/IA/Spawners/BP_Spawner.uexp" 1218
"D:/Github/HorrorGameMVP/HorrorMVP/Content/IA/Spawners/BP_SpawnerTrigger.uasset" 1219
"D:/Github/HorrorGameMVP/HorrorMVP/Content/IA/Spawners/BP_SpawnerTrigger.uexp" 1220
"D:/Github/HorrorGameMVP/HorrorMVP/Content/Abandoned_Building/Textures/T_Rocks_Small_N.ubulk" 1221
"D:/Github/HorrorGameMVP/HorrorMVP/Content/Abandoned_Building/Textures/T_Rocks_Small_N.uasset" 1222
"D:/Github/HorrorGameMVP/HorrorMVP/Content/Abandoned_Building/Textures/T_Rocks_Small_N.uexp" 1223
"D:/Github/HorrorGameMVP/HorrorMVP/Content/Abandoned_Building/Textures/T_Sticks_Large_02_AO_R_MT.ubulk" 1224
"D:/Github/HorrorGameMVP/HorrorMVP/Content/Abandoned_Building/Textures/T_Sticks_Large_02_AO_R_MT.uasset" 1225
"D:/Github/HorrorGameMVP/HorrorMVP/Content/Abandoned_Building/Textures/T_Sticks_Large_02_AO_R_MT.uexp" 1226
"D:/Github/HorrorGameMVP/HorrorMVP/Content/Abandoned_Building/Textures/T_Detail_N.uasset" 1227
"D:/Github/HorrorGameMVP/HorrorMVP/Content/Abandoned_Building/Textures/T_Detail_N.uexp" 1228
"D:/Github/HorrorGameMVP/HorrorMVP/Content/Abandoned_Building/Textures/T_Rocks_Small_BC.ubulk" 1229
"D:/Github/HorrorGameMVP/HorrorMVP/Content/Abandoned_Building/Textures/T_Rocks_Small_BC.uasset" 1230
"D:/Github/HorrorGameMVP/HorrorMVP/Content/Abandoned_Building/Textures/T_Rocks_Small_BC.uexp" 1231
"D:/Github/HorrorGameMVP/HorrorMVP/Content/Abandoned_Building/Textures/T_Sticks_Large_02_BC.ubulk" 1232
"D:/Github/HorrorGameMVP/HorrorMVP/Content/Abandoned_Building/Textures/T_Sticks_Large_02_BC.uasset" 1233
"D:/Github/HorrorGameMVP/HorrorMVP/Content/Abandoned_Building/Textures/T_Sticks_Large_02_BC.uexp" 1234
"../../../Engine/Content/Functions/Engine_MaterialFunctions02/Utility/BlendAngleCorrectedNormals.uasset" 1235
"../../../Engine/Content/Functions/Engine_MaterialFunctions02/Utility/BlendAngleCorrectedNormals.uexp" 1236
"../../../Engine/Content/EngineDebugMaterials/HeatmapGradient.ubulk" 1237
"../../../Engine/Content/EngineDebugMaterials/HeatmapGradient.uasset" 1238
"../../../Engine/Content/EngineDebugMaterials/HeatmapGradient.uexp" 1239
"../../../Engine/Content/Functions/Engine_MaterialFunctions01/ImageAdjustment/CheapContrast_RGB.uasset" 1240
"../../../Engine/Content/Functions/Engine_MaterialFunctions01/ImageAdjustment/CheapContrast_RGB.uexp" 1241
"../../../Engine/Content/Functions/Engine_MaterialFunctions02/Utility/DitherTemporalAA.uasset" 1242
"../../../Engine/Content/Functions/Engine_MaterialFunctions02/Utility/DitherTemporalAA.uexp" 1243
"../../../Engine/Content/Functions/Engine_MaterialFunctions01/AlphaBlend/WorldAlignedBlend.uasset" 1244
"../../../Engine/Content/Functions/Engine_MaterialFunctions01/AlphaBlend/WorldAlignedBlend.uexp" 1245
"D:/Github/HorrorGameMVP/HorrorMVP/Content/Abandoned_Building/Textures/T_Rocks_Small_AO_R_MT.ubulk" 1246
"D:/Github/HorrorGameMVP/HorrorMVP/Content/Abandoned_Building/Textures/T_Rocks_Small_AO_R_MT.uasset" 1247
"D:/Github/HorrorGameMVP/HorrorMVP/Content/Abandoned_Building/Textures/T_Rocks_Small_AO_R_MT.uexp" 1248
"D:/Github/HorrorGameMVP/HorrorMVP/Content/Abandoned_Building/Textures/T_Grass_N.uasset" 1249
"D:/Github/HorrorGameMVP/HorrorMVP/Content/Abandoned_Building/Textures/T_Grass_N.uexp" 1250
"D:/Github/HorrorGameMVP/HorrorMVP/Content/Abandoned_Building/Materials/M_Rocks_Base.uasset" 1251
"D:/Github/HorrorGameMVP/HorrorMVP/Content/Abandoned_Building/Materials/M_Rocks_Base.uexp" 1252
"D:/Github/HorrorGameMVP/HorrorMVP/Content/Abandoned_Building/Materials/MI_Sticks_Large_02.uasset" 1253
"D:/Github/HorrorGameMVP/HorrorMVP/Content/Abandoned_Building/Materials/MI_Sticks_Large_02.uexp" 1254
"D:/Github/HorrorGameMVP/HorrorMVP/Content/Abandoned_Building/Meshes/SM_Sticks_Large_02.ubulk" 1255
"D:/Github/HorrorGameMVP/HorrorMVP/Content/Abandoned_Building/Meshes/SM_Sticks_Large_02.uasset" 1256
"D:/Github/HorrorGameMVP/HorrorMVP/Content/Abandoned_Building/Meshes/SM_Sticks_Large_02.uexp" 1257
"D:/Github/HorrorGameMVP/HorrorMVP/Content/Abandoned_Building/Textures/T_Object_10_N.ubulk" 1258
"D:/Github/HorrorGameMVP/HorrorMVP/Content/Abandoned_Building/Textures/T_Object_10_N.uasset" 1259
"D:/Github/HorrorGameMVP/HorrorMVP/Content/Abandoned_Building/Textures/T_Object_10_N.uexp" 1260
"D:/Github/HorrorGameMVP/HorrorMVP/Content/Abandoned_Building/Textures/T_Object_10_BC.ubulk" 1261
"D:/Github/HorrorGameMVP/HorrorMVP/Content/Abandoned_Building/Textures/T_Object_10_BC.uasset" 1262
"D:/Github/HorrorGameMVP/HorrorMVP/Content/Abandoned_Building/Textures/T_Object_10_BC.uexp" 1263
"D:/Github/HorrorGameMVP/HorrorMVP/Content/Abandoned_Building/Textures/T_Object_10_AO_R_MT.ubulk" 1264
"D:/Github/HorrorGameMVP/HorrorMVP/Content/Abandoned_Building/Textures/T_Object_10_AO_R_MT.uasset" 1265
"D:/Github/HorrorGameMVP/HorrorMVP/Content/Abandoned_Building/Textures/T_Object_10_AO_R_MT.uexp" 1266
"D:/Github/HorrorGameMVP/HorrorMVP/Content/Abandoned_Building/Material_Instances/MI_Object_10.uasset" 1267
"D:/Github/HorrorGameMVP/HorrorMVP/Content/Abandoned_Building/Material_Instances/MI_Object_10.uexp" 1268
"D:/Github/HorrorGameMVP/HorrorMVP/Content/Abandoned_Building/Meshes/SM_Object_10.ubulk" 1269
"D:/Github/HorrorGameMVP/HorrorMVP/Content/Abandoned_Building/Meshes/SM_Object_10.uasset" 1270
"D:/Github/HorrorGameMVP/HorrorMVP/Content/Abandoned_Building/Meshes/SM_Object_10.uexp" 1271
"D:/Github/HorrorGameMVP/HorrorMVP/Content/Abandoned_Building/Textures/T_Object_11_N.ubulk" 1272
"D:/Github/HorrorGameMVP/HorrorMVP/Content/Abandoned_Building/Textures/T_Object_11_N.uasset" 1273
"D:/Github/HorrorGameMVP/HorrorMVP/Content/Abandoned_Building/Textures/T_Object_11_N.uexp" 1274
"D:/Github/HorrorGameMVP/HorrorMVP/Content/Abandoned_Building/Textures/T_Object_11_AO_R_MT.ubulk" 1275
"D:/Github/HorrorGameMVP/HorrorMVP/Content/Abandoned_Building/Textures/T_Object_11_AO_R_MT.uasset" 1276
"D:/Github/HorrorGameMVP/HorrorMVP/Content/Abandoned_Building/Textures/T_Object_11_AO_R_MT.uexp" 1277
"D:/Github/HorrorGameMVP/HorrorMVP/Content/Abandoned_Building/Textures/T_Object_11_BC.ubulk" 1278
"D:/Github/HorrorGameMVP/HorrorMVP/Content/Abandoned_Building/Textures/T_Object_11_BC.uasset" 1279
"D:/Github/HorrorGameMVP/HorrorMVP/Content/Abandoned_Building/Textures/T_Object_11_BC.uexp" 1280
"D:/Github/HorrorGameMVP/HorrorMVP/Content/Abandoned_Building/Material_Instances/MI_Object_11.uasset" 1281
"D:/Github/HorrorGameMVP/HorrorMVP/Content/Abandoned_Building/Material_Instances/MI_Object_11.uexp" 1282
"D:/Github/HorrorGameMVP/HorrorMVP/Content/Abandoned_Building/Meshes/SM_Object_11.ubulk" 1283
"D:/Github/HorrorGameMVP/HorrorMVP/Content/Abandoned_Building/Meshes/SM_Object_11.uasset" 1284
"D:/Github/HorrorGameMVP/HorrorMVP/Content/Abandoned_Building/Meshes/SM_Object_11.uexp" 1285
"D:/Github/HorrorGameMVP/HorrorMVP/Content/Abandoned_Building/Textures/T_Object_12_BC.ubulk" 1286
"D:/Github/HorrorGameMVP/HorrorMVP/Content/Abandoned_Building/Textures/T_Object_12_BC.uasset" 1287
"D:/Github/HorrorGameMVP/HorrorMVP/Content/Abandoned_Building/Textures/T_Object_12_BC.uexp" 1288
"D:/Github/HorrorGameMVP/HorrorMVP/Content/Abandoned_Building/Textures/T_Object_12_AO_R_MT.ubulk" 1289
"D:/Github/HorrorGameMVP/HorrorMVP/Content/Abandoned_Building/Textures/T_Object_12_AO_R_MT.uasset" 1290
"D:/Github/HorrorGameMVP/HorrorMVP/Content/Abandoned_Building/Textures/T_Object_12_AO_R_MT.uexp" 1291
"D:/Github/HorrorGameMVP/HorrorMVP/Content/Abandoned_Building/Textures/T_Object_12_N.ubulk" 1292
"D:/Github/HorrorGameMVP/HorrorMVP/Content/Abandoned_Building/Textures/T_Object_12_N.uasset" 1293
"D:/Github/HorrorGameMVP/HorrorMVP/Content/Abandoned_Building/Textures/T_Object_12_N.uexp" 1294
"D:/Github/HorrorGameMVP/HorrorMVP/Content/Abandoned_Building/Material_Instances/MI_Object_12.uasset" 1295
"D:/Github/HorrorGameMVP/HorrorMVP/Content/Abandoned_Building/Material_Instances/MI_Object_12.uexp" 1296
"D:/Github/HorrorGameMVP/HorrorMVP/Content/Abandoned_Building/Meshes/SM_Object_12.ubulk" 1297
"D:/Github/HorrorGameMVP/HorrorMVP/Content/Abandoned_Building/Meshes/SM_Object_12.uasset" 1298
"D:/Github/HorrorGameMVP/HorrorMVP/Content/Abandoned_Building/Meshes/SM_Object_12.uexp" 1299
"D:/Github/HorrorGameMVP/HorrorMVP/Content/Abandoned_Building/Textures/T_Object_13_AO_R_MT.ubulk" 1300
"D:/Github/HorrorGameMVP/HorrorMVP/Content/Abandoned_Building/Textures/T_Object_13_AO_R_MT.uasset" 1301
"D:/Github/HorrorGameMVP/HorrorMVP/Content/Abandoned_Building/Textures/T_Object_13_AO_R_MT.uexp" 1302
"D:/Github/HorrorGameMVP/HorrorMVP/Content/Abandoned_Building/Textures/T_Object_13_BC.ubulk" 1303
"D:/Github/HorrorGameMVP/HorrorMVP/Content/Abandoned_Building/Textures/T_Object_13_BC.uasset" 1304
"D:/Github/HorrorGameMVP/HorrorMVP/Content/Abandoned_Building/Textures/T_Object_13_BC.uexp" 1305
"D:/Github/HorrorGameMVP/HorrorMVP/Content/Abandoned_Building/Textures/T_Object_13_N.ubulk" 1306
"D:/Github/HorrorGameMVP/HorrorMVP/Content/Abandoned_Building/Textures/T_Object_13_N.uasset" 1307
"D:/Github/HorrorGameMVP/HorrorMVP/Content/Abandoned_Building/Textures/T_Object_13_N.uexp" 1308
"D:/Github/HorrorGameMVP/HorrorMVP/Content/Abandoned_Building/Material_Instances/MI_Object_13.uasset" 1309
"D:/Github/HorrorGameMVP/HorrorMVP/Content/Abandoned_Building/Material_Instances/MI_Object_13.uexp" 1310
"D:/Github/HorrorGameMVP/HorrorMVP/Content/Abandoned_Building/Meshes/SM_Object_13.ubulk" 1311
"D:/Github/HorrorGameMVP/HorrorMVP/Content/Abandoned_Building/Meshes/SM_Object_13.uasset" 1312
"D:/Github/HorrorGameMVP/HorrorMVP/Content/Abandoned_Building/Meshes/SM_Object_13.uexp" 1313
"../../../Engine/Content/BasicShapes/Sphere.ubulk" 1314
"../../../Engine/Content/BasicShapes/Sphere.uasset" 1315
"../../../Engine/Content/BasicShapes/Sphere.uexp" 1316
"D:/Github/HorrorGameMVP/HorrorMVP/Content/GoodSky/Resource/ArrowTool/SM_GoodSky_Moon.ubulk" 1317
"D:/Github/HorrorGameMVP/HorrorMVP/Content/GoodSky/Resource/ArrowTool/SM_GoodSky_Moon.uasset" 1318
"D:/Github/HorrorGameMVP/HorrorMVP/Content/GoodSky/Resource/ArrowTool/SM_GoodSky_Moon.uexp" 1319
"D:/Github/HorrorGameMVP/HorrorMVP/Content/GoodSky/Resource/Data/Curve/Curve_GoodSky_SunLight.uasset" 1320
"D:/Github/HorrorGameMVP/HorrorMVP/Content/GoodSky/Resource/Data/Curve/Curve_GoodSky_SunLight.uexp" 1321
"D:/Github/HorrorGameMVP/HorrorMVP/Content/GoodSky/Resource/Data/Enum/Enum_GoodSky_Clouds_Coverage.uasset" 1322
"D:/Github/HorrorGameMVP/HorrorMVP/Content/GoodSky/Resource/Data/Enum/Enum_GoodSky_Clouds_Coverage.uexp" 1323
"D:/Github/HorrorGameMVP/HorrorMVP/Content/GoodSky/Resource/Textures/T_GoodSky_noise_smooth.ubulk" 1324
"D:/Github/HorrorGameMVP/HorrorMVP/Content/GoodSky/Resource/Textures/T_GoodSky_noise_smooth.uasset" 1325
"D:/Github/HorrorGameMVP/HorrorMVP/Content/GoodSky/Resource/Textures/T_GoodSky_noise_smooth.uexp" 1326
"D:/Github/HorrorGameMVP/HorrorMVP/Content/GoodSky/Resource/Materials/Material_Function/MF_GoodSky_LightningFlick.uasset" 1327
"D:/Github/HorrorGameMVP/HorrorMVP/Content/GoodSky/Resource/Materials/Material_Function/MF_GoodSky_LightningFlick.uexp" 1328
"D:/Github/HorrorGameMVP/HorrorMVP/Content/GoodSky/Resource/Materials/Material_Function/MF_GoodSky_Time.uasset" 1329
"D:/Github/HorrorGameMVP/HorrorMVP/Content/GoodSky/Resource/Materials/Material_Function/MF_GoodSky_Time.uexp" 1330
"../../../Engine/Content/Functions/Engine_MaterialFunctions01/Gradient/LinearGradient.uasset" 1331
"../../../Engine/Content/Functions/Engine_MaterialFunctions01/Gradient/LinearGradient.uexp" 1332
"D:/Github/HorrorGameMVP/HorrorMVP/Content/GoodSky/Resource/Materials/Material_Function/MF_GoodSky_Top_Part_Alpha.uasset" 1333
"D:/Github/HorrorGameMVP/HorrorMVP/Content/GoodSky/Resource/Materials/Material_Function/MF_GoodSky_Top_Part_Alpha.uexp" 1334
"D:/Github/HorrorGameMVP/HorrorMVP/Content/GoodSky/Resource/Textures/T_GoodSky_clouds_F.ubulk" 1335
"D:/Github/HorrorGameMVP/HorrorMVP/Content/GoodSky/Resource/Textures/T_GoodSky_clouds_F.uasset" 1336
"D:/Github/HorrorGameMVP/HorrorMVP/Content/GoodSky/Resource/Textures/T_GoodSky_clouds_F.uexp" 1337
"../../../Engine/Content/Functions/Engine_MaterialFunctions02/ExampleContent/DebugNumberStrip.uasset" 1338
"../../../Engine/Content/Functions/Engine_MaterialFunctions02/ExampleContent/DebugNumberStrip.uexp" 1339
"../../../Engine/Content/Functions/Engine_MaterialFunctions01/Texturing/ComputeMipLevel.uasset" 1340
"../../../Engine/Content/Functions/Engine_MaterialFunctions01/Texturing/ComputeMipLevel.uexp" 1341
"../../../Engine/Content/Functions/Engine_MaterialFunctions01/Texturing/TextureCropping.uasset" 1342
"../../../Engine/Content/Functions/Engine_MaterialFunctions01/Texturing/TextureCropping.uexp" 1343
"../../../Engine/Content/Functions/Engine_MaterialFunctions02/ExampleContent/Textures/DebugNumberPeriod.uasset" 1344
"../../../Engine/Content/Functions/Engine_MaterialFunctions02/ExampleContent/Textures/DebugNumberPeriod.uexp" 1345
"../../../Engine/Content/Functions/Engine_MaterialFunctions02/Utility/DebugScalarValues.uasset" 1346
"../../../Engine/Content/Functions/Engine_MaterialFunctions02/Utility/DebugScalarValues.uexp" 1347
"../../../Engine/Content/Functions/Engine_MaterialFunctions02/Utility/DebugFloat3Values.uasset" 1348
"../../../Engine/Content/Functions/Engine_MaterialFunctions02/Utility/DebugFloat3Values.uexp" 1349
"../../../Engine/Content/Functions/Engine_MaterialFunctions02/Math/RGBtoHSV.uasset" 1350
"../../../Engine/Content/Functions/Engine_MaterialFunctions02/Math/RGBtoHSV.uexp" 1351
"D:/Github/HorrorGameMVP/HorrorMVP/Content/GoodSky/Resource/Textures/T_GoodSky_Lightning.ubulk" 1352
"D:/Github/HorrorGameMVP/HorrorMVP/Content/GoodSky/Resource/Textures/T_GoodSky_Lightning.uasset" 1353
"D:/Github/HorrorGameMVP/HorrorMVP/Content/GoodSky/Resource/Textures/T_GoodSky_Lightning.uexp" 1354
"../../../Engine/Content/Functions/Engine_MaterialFunctions01/Texturing/ScaleUVsAroundPoint.uasset" 1355
"../../../Engine/Content/Functions/Engine_MaterialFunctions01/Texturing/ScaleUVsAroundPoint.uexp" 1356
"D:/Github/HorrorGameMVP/HorrorMVP/Content/GoodSky/Resource/Materials/Material_Function/MF_GoodSky_SkyDomeAlpha.uasset" 1357
"D:/Github/HorrorGameMVP/HorrorMVP/Content/GoodSky/Resource/Materials/Material_Function/MF_GoodSky_SkyDomeAlpha.uexp" 1358
"D:/Github/HorrorGameMVP/HorrorMVP/Content/GoodSky/Resource/Textures/T_GoodSky_clouds_B.ubulk" 1359
"D:/Github/HorrorGameMVP/HorrorMVP/Content/GoodSky/Resource/Textures/T_GoodSky_clouds_B.uasset" 1360
"D:/Github/HorrorGameMVP/HorrorMVP/Content/GoodSky/Resource/Textures/T_GoodSky_clouds_B.uexp" 1361
"D:/Github/HorrorGameMVP/HorrorMVP/Content/GoodSky/Resource/Textures/T_GoodSky_clouds_A.ubulk" 1362
"D:/Github/HorrorGameMVP/HorrorMVP/Content/GoodSky/Resource/Textures/T_GoodSky_clouds_A.uasset" 1363
"D:/Github/HorrorGameMVP/HorrorMVP/Content/GoodSky/Resource/Textures/T_GoodSky_clouds_A.uexp" 1364
"D:/Github/HorrorGameMVP/HorrorMVP/Content/GoodSky/Resource/Textures/T_GoodSky_clouds_sphere.uasset" 1365
"D:/Github/HorrorGameMVP/HorrorMVP/Content/GoodSky/Resource/Textures/T_GoodSky_clouds_sphere.uexp" 1366
"D:/Github/HorrorGameMVP/HorrorMVP/Content/GoodSky/Resource/Materials/Material_Function/MF_GoodSky_Clouds_Setting.uasset" 1367
"D:/Github/HorrorGameMVP/HorrorMVP/Content/GoodSky/Resource/Materials/Material_Function/MF_GoodSky_Clouds_Setting.uexp" 1368
"../../../Engine/Content/Functions/Engine_MaterialFunctions01/ImageAdjustment/DeriveHDRfromLDR.uasset" 1369
"../../../Engine/Content/Functions/Engine_MaterialFunctions01/ImageAdjustment/DeriveHDRfromLDR.uexp" 1370
"D:/Github/HorrorGameMVP/HorrorMVP/Content/GoodSky/Resource/Materials/Material_Function/MF_GoodSky_Global_Setting.uasset" 1371
"D:/Github/HorrorGameMVP/HorrorMVP/Content/GoodSky/Resource/Materials/Material_Function/MF_GoodSky_Global_Setting.uexp" 1372
"D:/Github/HorrorGameMVP/HorrorMVP/Content/GoodSky/Resource/Materials/M_GoodSky_Storm.uasset" 1373
"D:/Github/HorrorGameMVP/HorrorMVP/Content/GoodSky/Resource/Materials/M_GoodSky_Storm.uexp" 1374
"D:/Github/HorrorGameMVP/HorrorMVP/Content/GoodSky/Resource/Data/Curve/Curve_GoodSky_SunDirection_Vector.uasset" 1375
"D:/Github/HorrorGameMVP/HorrorMVP/Content/GoodSky/Resource/Data/Curve/Curve_GoodSky_SunDirection_Vector.uexp" 1376
"D:/Github/HorrorGameMVP/HorrorMVP/Content/GoodSky/Resource/Data/Curve/Curve_GoodSky_horizon_Color.uasset" 1377
"D:/Github/HorrorGameMVP/HorrorMVP/Content/GoodSky/Resource/Data/Curve/Curve_GoodSky_horizon_Color.uexp" 1378
"D:/Github/HorrorGameMVP/HorrorMVP/Content/GoodSky/Resource/Data/Structure/Structure_GoodSky.uasset" 1379
"D:/Github/HorrorGameMVP/HorrorMVP/Content/GoodSky/Resource/Data/Structure/Structure_GoodSky.uexp" 1380
"D:/Github/HorrorGameMVP/HorrorMVP/Content/GoodSky/Resource/Data/DataTable/DataTable_GoodSky.uasset" 1381
"D:/Github/HorrorGameMVP/HorrorMVP/Content/GoodSky/Resource/Data/DataTable/DataTable_GoodSky.uexp" 1382
"D:/Github/HorrorGameMVP/HorrorMVP/Content/GoodSky/Resource/Textures/T_GoodSky_clouds_E.ubulk" 1383
"D:/Github/HorrorGameMVP/HorrorMVP/Content/GoodSky/Resource/Textures/T_GoodSky_clouds_E.uasset" 1384
"D:/Github/HorrorGameMVP/HorrorMVP/Content/GoodSky/Resource/Textures/T_GoodSky_clouds_E.uexp" 1385
"D:/Github/HorrorGameMVP/HorrorMVP/Content/GoodSky/Resource/Data/Enum/Enum_GoodSky_Style_Clouds.uasset" 1386
"D:/Github/HorrorGameMVP/HorrorMVP/Content/GoodSky/Resource/Data/Enum/Enum_GoodSky_Style_Clouds.uexp" 1387
"D:/Github/HorrorGameMVP/HorrorMVP/Content/GoodSky/Resource/ArrowTool/M_GoodSky_Sun_Emissive.uasset" 1388
"D:/Github/HorrorGameMVP/HorrorMVP/Content/GoodSky/Resource/ArrowTool/M_GoodSky_Sun_Emissive.uexp" 1389
"D:/Github/HorrorGameMVP/HorrorMVP/Content/GoodSky/Resource/ArrowTool/SM_GoodSky_StarMesh.ubulk" 1390
"D:/Github/HorrorGameMVP/HorrorMVP/Content/GoodSky/Resource/ArrowTool/SM_GoodSky_StarMesh.uasset" 1391
"D:/Github/HorrorGameMVP/HorrorMVP/Content/GoodSky/Resource/ArrowTool/SM_GoodSky_StarMesh.uexp" 1392
"D:/Github/HorrorGameMVP/HorrorMVP/Content/GoodSky/Resource/Data/Enum/Enum_GoodSky_MeshType.uasset" 1393
"D:/Github/HorrorGameMVP/HorrorMVP/Content/GoodSky/Resource/Data/Enum/Enum_GoodSky_MeshType.uexp" 1394
"D:/Github/HorrorGameMVP/HorrorMVP/Content/GoodSky/Resource/Textures/T_GoodSky_Stars.ubulk" 1395
"D:/Github/HorrorGameMVP/HorrorMVP/Content/GoodSky/Resource/Textures/T_GoodSky_Stars.uasset" 1396
"D:/Github/HorrorGameMVP/HorrorMVP/Content/GoodSky/Resource/Textures/T_GoodSky_Stars.uexp" 1397
"D:/Github/HorrorGameMVP/HorrorMVP/Content/GoodSky/Resource/Materials/M_GoodSky_Sun_Stars.uasset" 1398
"D:/Github/HorrorGameMVP/HorrorMVP/Content/GoodSky/Resource/Materials/M_GoodSky_Sun_Stars.uexp" 1399
"D:/Github/HorrorGameMVP/HorrorMVP/Content/GoodSky/Resource/Data/Curve/Curve_GoodSky_BaseCloudColor.uasset" 1400
"D:/Github/HorrorGameMVP/HorrorMVP/Content/GoodSky/Resource/Data/Curve/Curve_GoodSky_BaseCloudColor.uexp" 1401
"D:/Github/HorrorGameMVP/HorrorMVP/Content/GoodSky/Resource/Data/Curve/Curve_GoodSky_Stars.uasset" 1402
"D:/Github/HorrorGameMVP/HorrorMVP/Content/GoodSky/Resource/Data/Curve/Curve_GoodSky_Stars.uexp" 1403
"D:/Github/HorrorGameMVP/HorrorMVP/Content/GoodSky/Resource/Materials/M_GoodSky_Base.uasset" 1404
"D:/Github/HorrorGameMVP/HorrorMVP/Content/GoodSky/Resource/Materials/M_GoodSky_Base.uexp" 1405
"D:/Github/HorrorGameMVP/HorrorMVP/Content/GoodSky/Resource/Mesh/SM_GoodSky_Sphere.ubulk" 1406
"D:/Github/HorrorGameMVP/HorrorMVP/Content/GoodSky/Resource/Mesh/SM_GoodSky_Sphere.uasset" 1407
"D:/Github/HorrorGameMVP/HorrorMVP/Content/GoodSky/Resource/Mesh/SM_GoodSky_Sphere.uexp" 1408
"D:/Github/HorrorGameMVP/HorrorMVP/Content/GoodSky/Resource/Textures/T_GoodSky_clouds_C.ubulk" 1409
"D:/Github/HorrorGameMVP/HorrorMVP/Content/GoodSky/Resource/Textures/T_GoodSky_clouds_C.uasset" 1410
"D:/Github/HorrorGameMVP/HorrorMVP/Content/GoodSky/Resource/Textures/T_GoodSky_clouds_C.uexp" 1411
"D:/Github/HorrorGameMVP/HorrorMVP/Content/GoodSky/Resource/Mesh/SM_GoodSky_Hemisphere.ubulk" 1412
"D:/Github/HorrorGameMVP/HorrorMVP/Content/GoodSky/Resource/Mesh/SM_GoodSky_Hemisphere.uasset" 1413
"D:/Github/HorrorGameMVP/HorrorMVP/Content/GoodSky/Resource/Mesh/SM_GoodSky_Hemisphere.uexp" 1414
"D:/Github/HorrorGameMVP/HorrorMVP/Content/GoodSky/Resource/Textures/T_GoodSky_Moon.uasset" 1415
"D:/Github/HorrorGameMVP/HorrorMVP/Content/GoodSky/Resource/Textures/T_GoodSky_Moon.uexp" 1416
"../../../Engine/Content/Functions/Engine_MaterialFunctions01/Density/ExponentialDensity.uasset" 1417
"../../../Engine/Content/Functions/Engine_MaterialFunctions01/Density/ExponentialDensity.uexp" 1418
"../../../Engine/Content/Functions/Engine_MaterialFunctions01/Gradient/RadialGradientExponential.uasset" 1419
"../../../Engine/Content/Functions/Engine_MaterialFunctions01/Gradient/RadialGradientExponential.uexp" 1420
"D:/Github/HorrorGameMVP/HorrorMVP/Content/GoodSky/Resource/Materials/Material_Function/MF_GoodSky_Moon_Setting.uasset" 1421
"D:/Github/HorrorGameMVP/HorrorMVP/Content/GoodSky/Resource/Materials/Material_Function/MF_GoodSky_Moon_Setting.uexp" 1422
"D:/Github/HorrorGameMVP/HorrorMVP/Content/GoodSky/Resource/Materials/M_GoodSky_Moon.uasset" 1423
"D:/Github/HorrorGameMVP/HorrorMVP/Content/GoodSky/Resource/Materials/M_GoodSky_Moon.uexp" 1424
"D:/Github/HorrorGameMVP/HorrorMVP/Content/GoodSky/Resource/Data/Curve/Curve_GoodSky_AllOverlayColor.uasset" 1425
"D:/Github/HorrorGameMVP/HorrorMVP/Content/GoodSky/Resource/Data/Curve/Curve_GoodSky_AllOverlayColor.uexp" 1426
"D:/Github/HorrorGameMVP/HorrorMVP/Content/GoodSky/Resource/Materials/M_GoodSky_Sun_Stars_Moon.uasset" 1427
"D:/Github/HorrorGameMVP/HorrorMVP/Content/GoodSky/Resource/Materials/M_GoodSky_Sun_Stars_Moon.uexp" 1428
"D:/Github/HorrorGameMVP/HorrorMVP/Content/GoodSky/Resource/Data/Enum/Enum_GoodSky_Effects.uasset" 1429
"D:/Github/HorrorGameMVP/HorrorMVP/Content/GoodSky/Resource/Data/Enum/Enum_GoodSky_Effects.uexp" 1430
"D:/Github/HorrorGameMVP/HorrorMVP/Content/GoodSky/Resource/Textures/T_GoodSky_clouds_D.ubulk" 1431
"D:/Github/HorrorGameMVP/HorrorMVP/Content/GoodSky/Resource/Textures/T_GoodSky_clouds_D.uasset" 1432
"D:/Github/HorrorGameMVP/HorrorMVP/Content/GoodSky/Resource/Textures/T_GoodSky_clouds_D.uexp" 1433
"D:/Github/HorrorGameMVP/HorrorMVP/Content/GoodSky/Resource/ArrowTool/T_GoodSky_SkyRing.ubulk" 1434
"D:/Github/HorrorGameMVP/HorrorMVP/Content/GoodSky/Resource/ArrowTool/T_GoodSky_SkyRing.uasset" 1435
"D:/Github/HorrorGameMVP/HorrorMVP/Content/GoodSky/Resource/ArrowTool/T_GoodSky_SkyRing.uexp" 1436
"D:/Github/HorrorGameMVP/HorrorMVP/Content/GoodSky/Resource/ArrowTool/M_GoodSky_SkyRing_.uasset" 1437
"D:/Github/HorrorGameMVP/HorrorMVP/Content/GoodSky/Resource/ArrowTool/M_GoodSky_SkyRing_.uexp" 1438
"D:/Github/HorrorGameMVP/HorrorMVP/Content/GoodSky/Resource/Data/Enum/Enum_SunDirection.uasset" 1439
"D:/Github/HorrorGameMVP/HorrorMVP/Content/GoodSky/Resource/Data/Enum/Enum_SunDirection.uexp" 1440
"D:/Github/HorrorGameMVP/HorrorMVP/Content/GoodSky/Resource/Data/Enum/Enum_GoodSky_Preset.uasset" 1441
"D:/Github/HorrorGameMVP/HorrorMVP/Content/GoodSky/Resource/Data/Enum/Enum_GoodSky_Preset.uexp" 1442
"D:/Github/HorrorGameMVP/HorrorMVP/Content/GoodSky/Resource/Data/Curve/Curve_GoodSky_DomeColor.uasset" 1443
"D:/Github/HorrorGameMVP/HorrorMVP/Content/GoodSky/Resource/Data/Curve/Curve_GoodSky_DomeColor.uexp" 1444
"D:/Github/HorrorGameMVP/HorrorMVP/Content/GoodSky/Blueprint/BP_GoodSky.uasset" 1445
"D:/Github/HorrorGameMVP/HorrorMVP/Content/GoodSky/Blueprint/BP_GoodSky.uexp" 1446
"D:/Github/HorrorGameMVP/HorrorMVP/Content/Abandoned_Building/Textures/T_Street_Shaft_00_N.ubulk" 1447
"D:/Github/HorrorGameMVP/HorrorMVP/Content/Abandoned_Building/Textures/T_Street_Shaft_00_N.uasset" 1448
"D:/Github/HorrorGameMVP/HorrorMVP/Content/Abandoned_Building/Textures/T_Street_Shaft_00_N.uexp" 1449
"D:/Github/HorrorGameMVP/HorrorMVP/Content/Abandoned_Building/Textures/T_Bricks_Brick_01_BC.ubulk" 1450
"D:/Github/HorrorGameMVP/HorrorMVP/Content/Abandoned_Building/Textures/T_Bricks_Brick_01_BC.uasset" 1451
"D:/Github/HorrorGameMVP/HorrorMVP/Content/Abandoned_Building/Textures/T_Bricks_Brick_01_BC.uexp" 1452
"D:/Github/HorrorGameMVP/HorrorMVP/Content/Abandoned_Building/Textures/T_Bricks_Brick_01_N.ubulk" 1453
"D:/Github/HorrorGameMVP/HorrorMVP/Content/Abandoned_Building/Textures/T_Bricks_Brick_01_N.uasset" 1454
"D:/Github/HorrorGameMVP/HorrorMVP/Content/Abandoned_Building/Textures/T_Bricks_Brick_01_N.uexp" 1455
"D:/Github/HorrorGameMVP/HorrorMVP/Content/Abandoned_Building/Textures/T_Street_Shaft_00_BC.ubulk" 1456
"D:/Github/HorrorGameMVP/HorrorMVP/Content/Abandoned_Building/Textures/T_Street_Shaft_00_BC.uasset" 1457
"D:/Github/HorrorGameMVP/HorrorMVP/Content/Abandoned_Building/Textures/T_Street_Shaft_00_BC.uexp" 1458
"D:/Github/HorrorGameMVP/HorrorMVP/Content/Abandoned_Building/Textures/T_Street_Shaft_00_AO_R_MT.ubulk" 1459
"D:/Github/HorrorGameMVP/HorrorMVP/Content/Abandoned_Building/Textures/T_Street_Shaft_00_AO_R_MT.uasset" 1460
"D:/Github/HorrorGameMVP/HorrorMVP/Content/Abandoned_Building/Textures/T_Street_Shaft_00_AO_R_MT.uexp" 1461
"D:/Github/HorrorGameMVP/HorrorMVP/Content/Abandoned_Building/Textures/T_Dirt.ubulk" 1462
"D:/Github/HorrorGameMVP/HorrorMVP/Content/Abandoned_Building/Textures/T_Dirt.uasset" 1463
"D:/Github/HorrorGameMVP/HorrorMVP/Content/Abandoned_Building/Textures/T_Dirt.uexp" 1464
"D:/Github/HorrorGameMVP/HorrorMVP/Content/Abandoned_Building/Materials/M_Brick.uasset" 1465
"D:/Github/HorrorGameMVP/HorrorMVP/Content/Abandoned_Building/Materials/M_Brick.uexp" 1466
"D:/Github/HorrorGameMVP/HorrorMVP/Content/Abandoned_Building/Textures/T_Bricks_Brick_01_AO_R_MT.ubulk" 1467
"D:/Github/HorrorGameMVP/HorrorMVP/Content/Abandoned_Building/Textures/T_Bricks_Brick_01_AO_R_MT.uasset" 1468
"D:/Github/HorrorGameMVP/HorrorMVP/Content/Abandoned_Building/Textures/T_Bricks_Brick_01_AO_R_MT.uexp" 1469
"D:/Github/HorrorGameMVP/HorrorMVP/Content/Abandoned_Building/Material_Instances/MI_Bricks_Brick_01.uasset" 1470
"D:/Github/HorrorGameMVP/HorrorMVP/Content/Abandoned_Building/Material_Instances/MI_Bricks_Brick_01.uexp" 1471
"D:/Github/HorrorGameMVP/HorrorMVP/Content/Abandoned_Building/Meshes/SM_Bricks_Brick_01.ubulk" 1472
"D:/Github/HorrorGameMVP/HorrorMVP/Content/Abandoned_Building/Meshes/SM_Bricks_Brick_01.uasset" 1473
"D:/Github/HorrorGameMVP/HorrorMVP/Content/Abandoned_Building/Meshes/SM_Bricks_Brick_01.uexp" 1474
"D:/Github/HorrorGameMVP/HorrorMVP/Content/Abandoned_Building/Textures/T_Garbige_AO_R_MT.ubulk" 1475
"D:/Github/HorrorGameMVP/HorrorMVP/Content/Abandoned_Building/Textures/T_Garbige_AO_R_MT.uasset" 1476
"D:/Github/HorrorGameMVP/HorrorMVP/Content/Abandoned_Building/Textures/T_Garbige_AO_R_MT.uexp" 1477
"D:/Github/HorrorGameMVP/HorrorMVP/Content/Abandoned_Building/Textures/T_Garbige_BC.ubulk" 1478
"D:/Github/HorrorGameMVP/HorrorMVP/Content/Abandoned_Building/Textures/T_Garbige_BC.uasset" 1479
"D:/Github/HorrorGameMVP/HorrorMVP/Content/Abandoned_Building/Textures/T_Garbige_BC.uexp" 1480
"D:/Github/HorrorGameMVP/HorrorMVP/Content/Abandoned_Building/Textures/T_Garbige_N.ubulk" 1481
"D:/Github/HorrorGameMVP/HorrorMVP/Content/Abandoned_Building/Textures/T_Garbige_N.uasset" 1482
"D:/Github/HorrorGameMVP/HorrorMVP/Content/Abandoned_Building/Textures/T_Garbige_N.uexp" 1483
"D:/Github/HorrorGameMVP/HorrorMVP/Content/Abandoned_Building/Materials/M_Base01.uasset" 1484
"D:/Github/HorrorGameMVP/HorrorMVP/Content/Abandoned_Building/Materials/M_Base01.uexp" 1485
"D:/Github/HorrorGameMVP/HorrorMVP/Content/Abandoned_Building/Material_Instances/MI_Garbige_00-18.uasset" 1486
"D:/Github/HorrorGameMVP/HorrorMVP/Content/Abandoned_Building/Material_Instances/MI_Garbige_00-18.uexp" 1487
"D:/Github/HorrorGameMVP/HorrorMVP/Content/Abandoned_Building/Meshes/SM_Garbige_10.ubulk" 1488
"D:/Github/HorrorGameMVP/HorrorMVP/Content/Abandoned_Building/Meshes/SM_Garbige_10.uasset" 1489
"D:/Github/HorrorGameMVP/HorrorMVP/Content/Abandoned_Building/Meshes/SM_Garbige_10.uexp" 1490
"D:/Github/HorrorGameMVP/HorrorMVP/Content/Abandoned_Building/Meshes/SM_Garbige_11.ubulk" 1491
"D:/Github/HorrorGameMVP/HorrorMVP/Content/Abandoned_Building/Meshes/SM_Garbige_11.uasset" 1492
"D:/Github/HorrorGameMVP/HorrorMVP/Content/Abandoned_Building/Meshes/SM_Garbige_11.uexp" 1493
"D:/Github/HorrorGameMVP/HorrorMVP/Content/Abandoned_Building/Meshes/SM_Garbige_12.ubulk" 1494
"D:/Github/HorrorGameMVP/HorrorMVP/Content/Abandoned_Building/Meshes/SM_Garbige_12.uasset" 1495
"D:/Github/HorrorGameMVP/HorrorMVP/Content/Abandoned_Building/Meshes/SM_Garbige_12.uexp" 1496
"D:/Github/HorrorGameMVP/HorrorMVP/Content/Abandoned_Building/Meshes/SM_Garbige_13.ubulk" 1497
"D:/Github/HorrorGameMVP/HorrorMVP/Content/Abandoned_Building/Meshes/SM_Garbige_13.uasset" 1498
"D:/Github/HorrorGameMVP/HorrorMVP/Content/Abandoned_Building/Meshes/SM_Garbige_13.uexp" 1499
"D:/Github/HorrorGameMVP/HorrorMVP/Content/Abandoned_Building/Meshes/SM_Garbige_15.ubulk" 1500
"D:/Github/HorrorGameMVP/HorrorMVP/Content/Abandoned_Building/Meshes/SM_Garbige_15.uasset" 1501
"D:/Github/HorrorGameMVP/HorrorMVP/Content/Abandoned_Building/Meshes/SM_Garbige_15.uexp" 1502
"D:/Github/HorrorGameMVP/HorrorMVP/Content/Abandoned_Building/Meshes/SM_Garbige_18.ubulk" 1503
"D:/Github/HorrorGameMVP/HorrorMVP/Content/Abandoned_Building/Meshes/SM_Garbige_18.uasset" 1504
"D:/Github/HorrorGameMVP/HorrorMVP/Content/Abandoned_Building/Meshes/SM_Garbige_18.uexp" 1505
"../../../Engine/Content/EngineResources/Black.uasset" 1506
"../../../Engine/Content/EngineResources/Black.uexp" 1507
"../../../Engine/Plugins/Bridge/Content/MSPresets/M_MS_Surface_Material/Functions/MF_Transmission.uasset" 1508
"../../../Engine/Plugins/Bridge/Content/MSPresets/M_MS_Surface_Material/Functions/MF_Transmission.uexp" 1509
"D:/Github/HorrorGameMVP/HorrorMVP/Content/Materiales/MF_CTextMapAdjustment.uasset" 1510
"D:/Github/HorrorGameMVP/HorrorMVP/Content/Materiales/MF_CTextMapAdjustment.uexp" 1511
"D:/Github/HorrorGameMVP/HorrorMVP/Content/Materiales/MF_CTiling.uasset" 1512
"D:/Github/HorrorGameMVP/HorrorMVP/Content/Materiales/MF_CTiling.uexp" 1513
"D:/Github/HorrorGameMVP/HorrorMVP/Content/Abandoned_Building/Textures/T_AbandonedBuilding_04_BC_00.ubulk" 1514
"D:/Github/HorrorGameMVP/HorrorMVP/Content/Abandoned_Building/Textures/T_AbandonedBuilding_04_BC_00.uasset" 1515
"D:/Github/HorrorGameMVP/HorrorMVP/Content/Abandoned_Building/Textures/T_AbandonedBuilding_04_BC_00.uexp" 1516
"D:/Github/HorrorGameMVP/HorrorMVP/Content/Abandoned_Building/Textures/T_AbandonedBuilding_04_N_00.ubulk" 1517
"D:/Github/HorrorGameMVP/HorrorMVP/Content/Abandoned_Building/Textures/T_AbandonedBuilding_04_N_00.uasset" 1518
"D:/Github/HorrorGameMVP/HorrorMVP/Content/Abandoned_Building/Textures/T_AbandonedBuilding_04_N_00.uexp" 1519
"D:/Github/HorrorGameMVP/HorrorMVP/Content/Abandoned_Building/Textures/T_AbandonedBuilding_00_AO_R_MT.ubulk" 1520
"D:/Github/HorrorGameMVP/HorrorMVP/Content/Abandoned_Building/Textures/T_AbandonedBuilding_00_AO_R_MT.uasset" 1521
"D:/Github/HorrorGameMVP/HorrorMVP/Content/Abandoned_Building/Textures/T_AbandonedBuilding_00_AO_R_MT.uexp" 1522
"D:/Github/HorrorGameMVP/HorrorMVP/Content/Materiales/M_WallAdv.uasset" 1523
"D:/Github/HorrorGameMVP/HorrorMVP/Content/Materiales/M_WallAdv.uexp" 1524
"D:/Github/HorrorGameMVP/HorrorMVP/Content/Abandoned_Building/Meshes/SM_Garbige_04.ubulk" 1525
"D:/Github/HorrorGameMVP/HorrorMVP/Content/Abandoned_Building/Meshes/SM_Garbige_04.uasset" 1526
"D:/Github/HorrorGameMVP/HorrorMVP/Content/Abandoned_Building/Meshes/SM_Garbige_04.uexp" 1527
"D:/Github/HorrorGameMVP/HorrorMVP/Content/Abandoned_Building/Textures/T_Sticks_Large_00_BC.ubulk" 1528
"D:/Github/HorrorGameMVP/HorrorMVP/Content/Abandoned_Building/Textures/T_Sticks_Large_00_BC.uasset" 1529
"D:/Github/HorrorGameMVP/HorrorMVP/Content/Abandoned_Building/Textures/T_Sticks_Large_00_BC.uexp" 1530
"D:/Github/HorrorGameMVP/HorrorMVP/Content/Abandoned_Building/Textures/T_Sticks_Large_00_AO_R_MT.ubulk" 1531
"D:/Github/HorrorGameMVP/HorrorMVP/Content/Abandoned_Building/Textures/T_Sticks_Large_00_AO_R_MT.uasset" 1532
"D:/Github/HorrorGameMVP/HorrorMVP/Content/Abandoned_Building/Textures/T_Sticks_Large_00_AO_R_MT.uexp" 1533
"D:/Github/HorrorGameMVP/HorrorMVP/Content/Abandoned_Building/Materials/MI_Sticks_Large_00.uasset" 1534
"D:/Github/HorrorGameMVP/HorrorMVP/Content/Abandoned_Building/Materials/MI_Sticks_Large_00.uexp" 1535
"D:/Github/HorrorGameMVP/HorrorMVP/Content/Abandoned_Building/Meshes/SM_Sticks_Large_00.ubulk" 1536
"D:/Github/HorrorGameMVP/HorrorMVP/Content/Abandoned_Building/Meshes/SM_Sticks_Large_00.uasset" 1537
"D:/Github/HorrorGameMVP/HorrorMVP/Content/Abandoned_Building/Meshes/SM_Sticks_Large_00.uexp" 1538
"D:/Github/HorrorGameMVP/HorrorMVP/Content/Abandoned_Building/Textures/T_Brick_BC.ubulk" 1539
"D:/Github/HorrorGameMVP/HorrorMVP/Content/Abandoned_Building/Textures/T_Brick_BC.uasset" 1540
"D:/Github/HorrorGameMVP/HorrorMVP/Content/Abandoned_Building/Textures/T_Brick_BC.uexp" 1541
"D:/Github/HorrorGameMVP/HorrorMVP/Content/Abandoned_Building/Textures/T_Brick_N.ubulk" 1542
"D:/Github/HorrorGameMVP/HorrorMVP/Content/Abandoned_Building/Textures/T_Brick_N.uasset" 1543
"D:/Github/HorrorGameMVP/HorrorMVP/Content/Abandoned_Building/Textures/T_Brick_N.uexp" 1544
"D:/Github/HorrorGameMVP/HorrorMVP/Content/Abandoned_Building/Materials/M_Brick_01.uasset" 1545
"D:/Github/HorrorGameMVP/HorrorMVP/Content/Abandoned_Building/Materials/M_Brick_01.uexp" 1546
"D:/Github/HorrorGameMVP/HorrorMVP/Content/Abandoned_Building/Material_Instances/MI_Bricks_Pile.uasset" 1547
"D:/Github/HorrorGameMVP/HorrorMVP/Content/Abandoned_Building/Material_Instances/MI_Bricks_Pile.uexp" 1548
"D:/Github/HorrorGameMVP/HorrorMVP/Content/Abandoned_Building/Meshes/SM_Brick_Pile.ubulk" 1549
"D:/Github/HorrorGameMVP/HorrorMVP/Content/Abandoned_Building/Meshes/SM_Brick_Pile.uasset" 1550
"D:/Github/HorrorGameMVP/HorrorMVP/Content/Abandoned_Building/Meshes/SM_Brick_Pile.uexp" 1551
"D:/Github/HorrorGameMVP/HorrorMVP/Content/Abandoned_Building/Meshes/SM_Garbige_08.ubulk" 1552
"D:/Github/HorrorGameMVP/HorrorMVP/Content/Abandoned_Building/Meshes/SM_Garbige_08.uasset" 1553
"D:/Github/HorrorGameMVP/HorrorMVP/Content/Abandoned_Building/Meshes/SM_Garbige_08.uexp" 1554
"D:/Github/HorrorGameMVP/HorrorMVP/Content/Abandoned_Building/Textures/T_Object_02_AO_R_MT.ubulk" 1555
"D:/Github/HorrorGameMVP/HorrorMVP/Content/Abandoned_Building/Textures/T_Object_02_AO_R_MT.uasset" 1556
"D:/Github/HorrorGameMVP/HorrorMVP/Content/Abandoned_Building/Textures/T_Object_02_AO_R_MT.uexp" 1557
"D:/Github/HorrorGameMVP/HorrorMVP/Content/Abandoned_Building/Textures/T_Object_02_N.ubulk" 1558
"D:/Github/HorrorGameMVP/HorrorMVP/Content/Abandoned_Building/Textures/T_Object_02_N.uasset" 1559
"D:/Github/HorrorGameMVP/HorrorMVP/Content/Abandoned_Building/Textures/T_Object_02_N.uexp" 1560
"D:/Github/HorrorGameMVP/HorrorMVP/Content/Abandoned_Building/Textures/T_Object_02_BC.ubulk" 1561
"D:/Github/HorrorGameMVP/HorrorMVP/Content/Abandoned_Building/Textures/T_Object_02_BC.uasset" 1562
"D:/Github/HorrorGameMVP/HorrorMVP/Content/Abandoned_Building/Textures/T_Object_02_BC.uexp" 1563
"D:/Github/HorrorGameMVP/HorrorMVP/Content/Abandoned_Building/Material_Instances/MI_Object_02.uasset" 1564
"D:/Github/HorrorGameMVP/HorrorMVP/Content/Abandoned_Building/Material_Instances/MI_Object_02.uexp" 1565
"D:/Github/HorrorGameMVP/HorrorMVP/Content/Abandoned_Building/Meshes/SM_Object_02.ubulk" 1566
"D:/Github/HorrorGameMVP/HorrorMVP/Content/Abandoned_Building/Meshes/SM_Object_02.uasset" 1567
"D:/Github/HorrorGameMVP/HorrorMVP/Content/Abandoned_Building/Meshes/SM_Object_02.uexp" 1568
"D:/Github/HorrorGameMVP/HorrorMVP/Content/Abandoned_Building/Textures/T_Object_07_AO_R_MT.ubulk" 1569
"D:/Github/HorrorGameMVP/HorrorMVP/Content/Abandoned_Building/Textures/T_Object_07_AO_R_MT.uasset" 1570
"D:/Github/HorrorGameMVP/HorrorMVP/Content/Abandoned_Building/Textures/T_Object_07_AO_R_MT.uexp" 1571
"D:/Github/HorrorGameMVP/HorrorMVP/Content/Abandoned_Building/Textures/T_Object_07_BC.ubulk" 1572
"D:/Github/HorrorGameMVP/HorrorMVP/Content/Abandoned_Building/Textures/T_Object_07_BC.uasset" 1573
"D:/Github/HorrorGameMVP/HorrorMVP/Content/Abandoned_Building/Textures/T_Object_07_BC.uexp" 1574
"D:/Github/HorrorGameMVP/HorrorMVP/Content/Abandoned_Building/Textures/T_Object_07_N.ubulk" 1575
"D:/Github/HorrorGameMVP/HorrorMVP/Content/Abandoned_Building/Textures/T_Object_07_N.uasset" 1576
"D:/Github/HorrorGameMVP/HorrorMVP/Content/Abandoned_Building/Textures/T_Object_07_N.uexp" 1577
"D:/Github/HorrorGameMVP/HorrorMVP/Content/Abandoned_Building/Material_Instances/MI_Object_07.uasset" 1578
"D:/Github/HorrorGameMVP/HorrorMVP/Content/Abandoned_Building/Material_Instances/MI_Object_07.uexp" 1579
"D:/Github/HorrorGameMVP/HorrorMVP/Content/Abandoned_Building/Meshes/SM_Object_07.ubulk" 1580
"D:/Github/HorrorGameMVP/HorrorMVP/Content/Abandoned_Building/Meshes/SM_Object_07.uasset" 1581
"D:/Github/HorrorGameMVP/HorrorMVP/Content/Abandoned_Building/Meshes/SM_Object_07.uexp" 1582
"D:/Github/HorrorGameMVP/HorrorMVP/Content/Abandoned_Building/Materials/M_Base_2.uasset" 1583
"D:/Github/HorrorGameMVP/HorrorMVP/Content/Abandoned_Building/Materials/M_Base_2.uexp" 1584
"D:/Github/HorrorGameMVP/HorrorMVP/Content/Abandoned_Building/Textures/T_AbandonedBuilding_10_AO_R_MT.ubulk" 1585
"D:/Github/HorrorGameMVP/HorrorMVP/Content/Abandoned_Building/Textures/T_AbandonedBuilding_10_AO_R_MT.uasset" 1586
"D:/Github/HorrorGameMVP/HorrorMVP/Content/Abandoned_Building/Textures/T_AbandonedBuilding_10_AO_R_MT.uexp" 1587
"D:/Github/HorrorGameMVP/HorrorMVP/Content/Abandoned_Building/Textures/T_AbandonedBuilding_00_N.ubulk" 1588
"D:/Github/HorrorGameMVP/HorrorMVP/Content/Abandoned_Building/Textures/T_AbandonedBuilding_00_N.uasset" 1589
"D:/Github/HorrorGameMVP/HorrorMVP/Content/Abandoned_Building/Textures/T_AbandonedBuilding_00_N.uexp" 1590
"D:/Github/HorrorGameMVP/HorrorMVP/Content/Abandoned_Building/Textures/T_AbandonedBuilding_00_BC.ubulk" 1591
"D:/Github/HorrorGameMVP/HorrorMVP/Content/Abandoned_Building/Textures/T_AbandonedBuilding_00_BC.uasset" 1592
"D:/Github/HorrorGameMVP/HorrorMVP/Content/Abandoned_Building/Textures/T_AbandonedBuilding_00_BC.uexp" 1593
"D:/Github/HorrorGameMVP/HorrorMVP/Content/Abandoned_Building/Materials/M_Base.uasset" 1594
"D:/Github/HorrorGameMVP/HorrorMVP/Content/Abandoned_Building/Materials/M_Base.uexp" 1595
"D:/Github/HorrorGameMVP/HorrorMVP/Content/Abandoned_Building/Textures/T_AbandonedBuilding_10_BC.ubulk" 1596
"D:/Github/HorrorGameMVP/HorrorMVP/Content/Abandoned_Building/Textures/T_AbandonedBuilding_10_BC.uasset" 1597
"D:/Github/HorrorGameMVP/HorrorMVP/Content/Abandoned_Building/Textures/T_AbandonedBuilding_10_BC.uexp" 1598
"D:/Github/HorrorGameMVP/HorrorMVP/Content/Abandoned_Building/Textures/T_AbandonedBuilding_10_N.ubulk" 1599
"D:/Github/HorrorGameMVP/HorrorMVP/Content/Abandoned_Building/Textures/T_AbandonedBuilding_10_N.uasset" 1600
"D:/Github/HorrorGameMVP/HorrorMVP/Content/Abandoned_Building/Textures/T_AbandonedBuilding_10_N.uexp" 1601
"D:/Github/HorrorGameMVP/HorrorMVP/Content/Abandoned_Building/Material_Instances/MI_AbandonedBuilding_10.uasset" 1602
"D:/Github/HorrorGameMVP/HorrorMVP/Content/Abandoned_Building/Material_Instances/MI_AbandonedBuilding_10.uexp" 1603
"D:/Github/HorrorGameMVP/HorrorMVP/Content/Abandoned_Building/Meshes/SM_AbandonedBuilding_10.ubulk" 1604
"D:/Github/HorrorGameMVP/HorrorMVP/Content/Abandoned_Building/Meshes/SM_AbandonedBuilding_10.uasset" 1605
"D:/Github/HorrorGameMVP/HorrorMVP/Content/Abandoned_Building/Meshes/SM_AbandonedBuilding_10.uexp" 1606
"D:/Github/HorrorGameMVP/HorrorMVP/Content/Abandoned_Building/Textures/T_AbandonedBuilding_11_AO_R_MT_01.ubulk" 1607
"D:/Github/HorrorGameMVP/HorrorMVP/Content/Abandoned_Building/Textures/T_AbandonedBuilding_11_AO_R_MT_01.uasset" 1608
"D:/Github/HorrorGameMVP/HorrorMVP/Content/Abandoned_Building/Textures/T_AbandonedBuilding_11_AO_R_MT_01.uexp" 1609
"D:/Github/HorrorGameMVP/HorrorMVP/Content/Abandoned_Building/Textures/T_AbandonedBuilding_11_N_01.ubulk" 1610
"D:/Github/HorrorGameMVP/HorrorMVP/Content/Abandoned_Building/Textures/T_AbandonedBuilding_11_N_01.uasset" 1611
"D:/Github/HorrorGameMVP/HorrorMVP/Content/Abandoned_Building/Textures/T_AbandonedBuilding_11_N_01.uexp" 1612
"D:/Github/HorrorGameMVP/HorrorMVP/Content/Abandoned_Building/Textures/T_AbandonedBuilding_11_BC_01.ubulk" 1613
"D:/Github/HorrorGameMVP/HorrorMVP/Content/Abandoned_Building/Textures/T_AbandonedBuilding_11_BC_01.uasset" 1614
"D:/Github/HorrorGameMVP/HorrorMVP/Content/Abandoned_Building/Textures/T_AbandonedBuilding_11_BC_01.uexp" 1615
"D:/Github/HorrorGameMVP/HorrorMVP/Content/Abandoned_Building/Material_Instances/MI_AbandonedBuilding_11_1.uasset" 1616
"D:/Github/HorrorGameMVP/HorrorMVP/Content/Abandoned_Building/Material_Instances/MI_AbandonedBuilding_11_1.uexp" 1617
"D:/Github/HorrorGameMVP/HorrorMVP/Content/Abandoned_Building/Textures/T_AbandonedBuilding_11_AO_R_MT_00.ubulk" 1618
"D:/Github/HorrorGameMVP/HorrorMVP/Content/Abandoned_Building/Textures/T_AbandonedBuilding_11_AO_R_MT_00.uasset" 1619
"D:/Github/HorrorGameMVP/HorrorMVP/Content/Abandoned_Building/Textures/T_AbandonedBuilding_11_AO_R_MT_00.uexp" 1620
"D:/Github/HorrorGameMVP/HorrorMVP/Content/Abandoned_Building/Textures/T_AbandonedBuilding_11_BC_00.ubulk" 1621
"D:/Github/HorrorGameMVP/HorrorMVP/Content/Abandoned_Building/Textures/T_AbandonedBuilding_11_BC_00.uasset" 1622
"D:/Github/HorrorGameMVP/HorrorMVP/Content/Abandoned_Building/Textures/T_AbandonedBuilding_11_BC_00.uexp" 1623
"D:/Github/HorrorGameMVP/HorrorMVP/Content/Abandoned_Building/Textures/T_AbandonedBuilding_11_N_00.ubulk" 1624
"D:/Github/HorrorGameMVP/HorrorMVP/Content/Abandoned_Building/Textures/T_AbandonedBuilding_11_N_00.uasset" 1625
"D:/Github/HorrorGameMVP/HorrorMVP/Content/Abandoned_Building/Textures/T_AbandonedBuilding_11_N_00.uexp" 1626
"D:/Github/HorrorGameMVP/HorrorMVP/Content/Abandoned_Building/Material_Instances/MI_AbandonedBuilding_11.uasset" 1627
"D:/Github/HorrorGameMVP/HorrorMVP/Content/Abandoned_Building/Material_Instances/MI_AbandonedBuilding_11.uexp" 1628
"D:/Github/HorrorGameMVP/HorrorMVP/Content/Abandoned_Building/Materials/M_Glass.uasset" 1629
"D:/Github/HorrorGameMVP/HorrorMVP/Content/Abandoned_Building/Materials/M_Glass.uexp" 1630
"D:/Github/HorrorGameMVP/HorrorMVP/Content/Abandoned_Building/Materials/M_Glass_Inst.uasset" 1631
"D:/Github/HorrorGameMVP/HorrorMVP/Content/Abandoned_Building/Materials/M_Glass_Inst.uexp" 1632
"D:/Github/HorrorGameMVP/HorrorMVP/Content/Abandoned_Building/Meshes/SM_AbandonedBuilding_11.ubulk" 1633
"D:/Github/HorrorGameMVP/HorrorMVP/Content/Abandoned_Building/Meshes/SM_AbandonedBuilding_11.uasset" 1634
"D:/Github/HorrorGameMVP/HorrorMVP/Content/Abandoned_Building/Meshes/SM_AbandonedBuilding_11.uexp" 1635
"D:/Github/HorrorGameMVP/HorrorMVP/Content/SFX/zapsplat_horror_hit_jump_scare_bright_synth_string_hit_lfe_453891.ubulk" 1636
"D:/Github/HorrorGameMVP/HorrorMVP/Content/SFX/zapsplat_horror_hit_jump_scare_bright_synth_string_hit_lfe_453891.uasset" 1637
"D:/Github/HorrorGameMVP/HorrorMVP/Content/SFX/zapsplat_horror_hit_jump_scare_bright_synth_string_hit_lfe_453891.uexp" 1638
"D:/Github/HorrorGameMVP/HorrorMVP/Content/Abandoned_Building/Textures/T_Object_05_BC.ubulk" 1639
"D:/Github/HorrorGameMVP/HorrorMVP/Content/Abandoned_Building/Textures/T_Object_05_BC.uasset" 1640
"D:/Github/HorrorGameMVP/HorrorMVP/Content/Abandoned_Building/Textures/T_Object_05_BC.uexp" 1641
"D:/Github/HorrorGameMVP/HorrorMVP/Content/Abandoned_Building/Textures/T_Object_05_N.ubulk" 1642
"D:/Github/HorrorGameMVP/HorrorMVP/Content/Abandoned_Building/Textures/T_Object_05_N.uasset" 1643
"D:/Github/HorrorGameMVP/HorrorMVP/Content/Abandoned_Building/Textures/T_Object_05_N.uexp" 1644
"D:/Github/HorrorGameMVP/HorrorMVP/Content/Abandoned_Building/Textures/T_Object_05_AO_R_MT.ubulk" 1645
"D:/Github/HorrorGameMVP/HorrorMVP/Content/Abandoned_Building/Textures/T_Object_05_AO_R_MT.uasset" 1646
"D:/Github/HorrorGameMVP/HorrorMVP/Content/Abandoned_Building/Textures/T_Object_05_AO_R_MT.uexp" 1647
"D:/Github/HorrorGameMVP/HorrorMVP/Content/Abandoned_Building/Material_Instances/MI_Object_05.uasset" 1648
"D:/Github/HorrorGameMVP/HorrorMVP/Content/Abandoned_Building/Material_Instances/MI_Object_05.uexp" 1649
"D:/Github/HorrorGameMVP/HorrorMVP/Content/Abandoned_Building/Meshes/SM_Object_05.ubulk" 1650
"D:/Github/HorrorGameMVP/HorrorMVP/Content/Abandoned_Building/Meshes/SM_Object_05.uasset" 1651
"D:/Github/HorrorGameMVP/HorrorMVP/Content/Abandoned_Building/Meshes/SM_Object_05.uexp" 1652
"D:/Github/HorrorGameMVP/HorrorMVP/Content/Abandoned_Building/Textures/T_Object_04_AO_R_MT.ubulk" 1653
"D:/Github/HorrorGameMVP/HorrorMVP/Content/Abandoned_Building/Textures/T_Object_04_AO_R_MT.uasset" 1654
"D:/Github/HorrorGameMVP/HorrorMVP/Content/Abandoned_Building/Textures/T_Object_04_AO_R_MT.uexp" 1655
"D:/Github/HorrorGameMVP/HorrorMVP/Content/Abandoned_Building/Textures/T_Object_04_N.ubulk" 1656
"D:/Github/HorrorGameMVP/HorrorMVP/Content/Abandoned_Building/Textures/T_Object_04_N.uasset" 1657
"D:/Github/HorrorGameMVP/HorrorMVP/Content/Abandoned_Building/Textures/T_Object_04_N.uexp" 1658
"D:/Github/HorrorGameMVP/HorrorMVP/Content/Abandoned_Building/Textures/T_Object_04_BC.ubulk" 1659
"D:/Github/HorrorGameMVP/HorrorMVP/Content/Abandoned_Building/Textures/T_Object_04_BC.uasset" 1660
"D:/Github/HorrorGameMVP/HorrorMVP/Content/Abandoned_Building/Textures/T_Object_04_BC.uexp" 1661
"D:/Github/HorrorGameMVP/HorrorMVP/Content/Abandoned_Building/Material_Instances/MI_Object_04.uasset" 1662
"D:/Github/HorrorGameMVP/HorrorMVP/Content/Abandoned_Building/Material_Instances/MI_Object_04.uexp" 1663
"D:/Github/HorrorGameMVP/HorrorMVP/Content/Abandoned_Building/Meshes/SM_Object_04.ubulk" 1664
"D:/Github/HorrorGameMVP/HorrorMVP/Content/Abandoned_Building/Meshes/SM_Object_04.uasset" 1665
"D:/Github/HorrorGameMVP/HorrorMVP/Content/Abandoned_Building/Meshes/SM_Object_04.uexp" 1666
"D:/Github/HorrorGameMVP/HorrorMVP/Content/Abandoned_Building/Material_Instances/MI_Object_00.uasset" 1667
"D:/Github/HorrorGameMVP/HorrorMVP/Content/Abandoned_Building/Material_Instances/MI_Object_00.uexp" 1668
"D:/Github/HorrorGameMVP/HorrorMVP/Content/Abandoned_Building/Meshes/SM_Object_00.ubulk" 1669
"D:/Github/HorrorGameMVP/HorrorMVP/Content/Abandoned_Building/Meshes/SM_Object_00.uasset" 1670
"D:/Github/HorrorGameMVP/HorrorMVP/Content/Abandoned_Building/Meshes/SM_Object_00.uexp" 1671
"D:/Github/HorrorGameMVP/HorrorMVP/Content/Free_Horror_Music_Pack/Wav/Parasitic_Host_Loop.ubulk" 1672
"D:/Github/HorrorGameMVP/HorrorMVP/Content/Free_Horror_Music_Pack/Wav/Parasitic_Host_Loop.uasset" 1673
"D:/Github/HorrorGameMVP/HorrorMVP/Content/Free_Horror_Music_Pack/Wav/Parasitic_Host_Loop.uexp" 1674
"D:/Github/HorrorGameMVP/HorrorMVP/Content/Free_Horror_Music_Pack/Cue/Parasitic_Host_Loop_Cue.uasset" 1675
"D:/Github/HorrorGameMVP/HorrorMVP/Content/Free_Horror_Music_Pack/Cue/Parasitic_Host_Loop_Cue.uexp" 1676
"D:/Github/HorrorGameMVP/HorrorMVP/Content/Abandoned_Building/Textures/T_Bricks_Brick_10_AO_R_MT.ubulk" 1677
"D:/Github/HorrorGameMVP/HorrorMVP/Content/Abandoned_Building/Textures/T_Bricks_Brick_10_AO_R_MT.uasset" 1678
"D:/Github/HorrorGameMVP/HorrorMVP/Content/Abandoned_Building/Textures/T_Bricks_Brick_10_AO_R_MT.uexp" 1679
"D:/Github/HorrorGameMVP/HorrorMVP/Content/Abandoned_Building/Textures/T_Bricks_Brick_10_BC.ubulk" 1680
"D:/Github/HorrorGameMVP/HorrorMVP/Content/Abandoned_Building/Textures/T_Bricks_Brick_10_BC.uasset" 1681
"D:/Github/HorrorGameMVP/HorrorMVP/Content/Abandoned_Building/Textures/T_Bricks_Brick_10_BC.uexp" 1682
"D:/Github/HorrorGameMVP/HorrorMVP/Content/Abandoned_Building/Textures/T_Bricks_Brick_10_N.ubulk" 1683
"D:/Github/HorrorGameMVP/HorrorMVP/Content/Abandoned_Building/Textures/T_Bricks_Brick_10_N.uasset" 1684
"D:/Github/HorrorGameMVP/HorrorMVP/Content/Abandoned_Building/Textures/T_Bricks_Brick_10_N.uexp" 1685
"D:/Github/HorrorGameMVP/HorrorMVP/Content/Abandoned_Building/Material_Instances/MI_Bricks_Brick_10.uasset" 1686
"D:/Github/HorrorGameMVP/HorrorMVP/Content/Abandoned_Building/Material_Instances/MI_Bricks_Brick_10.uexp" 1687
"D:/Github/HorrorGameMVP/HorrorMVP/Content/Abandoned_Building/Meshes/SM_Bricks_Brick_10.ubulk" 1688
"D:/Github/HorrorGameMVP/HorrorMVP/Content/Abandoned_Building/Meshes/SM_Bricks_Brick_10.uasset" 1689
"D:/Github/HorrorGameMVP/HorrorMVP/Content/Abandoned_Building/Meshes/SM_Bricks_Brick_10.uexp" 1690
"D:/Github/HorrorGameMVP/HorrorMVP/Content/Abandoned_Building/Textures/T_AbandonedBuilding_09_N.ubulk" 1691
"D:/Github/HorrorGameMVP/HorrorMVP/Content/Abandoned_Building/Textures/T_AbandonedBuilding_09_N.uasset" 1692
"D:/Github/HorrorGameMVP/HorrorMVP/Content/Abandoned_Building/Textures/T_AbandonedBuilding_09_N.uexp" 1693
"D:/Github/HorrorGameMVP/HorrorMVP/Content/Abandoned_Building/Textures/T_AbandonedBuilding_09_AO_R_MT.ubulk" 1694
"D:/Github/HorrorGameMVP/HorrorMVP/Content/Abandoned_Building/Textures/T_AbandonedBuilding_09_AO_R_MT.uasset" 1695
"D:/Github/HorrorGameMVP/HorrorMVP/Content/Abandoned_Building/Textures/T_AbandonedBuilding_09_AO_R_MT.uexp" 1696
"D:/Github/HorrorGameMVP/HorrorMVP/Content/Abandoned_Building/Textures/T_AbandonedBuilding_09_BC.ubulk" 1697
"D:/Github/HorrorGameMVP/HorrorMVP/Content/Abandoned_Building/Textures/T_AbandonedBuilding_09_BC.uasset" 1698
"D:/Github/HorrorGameMVP/HorrorMVP/Content/Abandoned_Building/Textures/T_AbandonedBuilding_09_BC.uexp" 1699
"D:/Github/HorrorGameMVP/HorrorMVP/Content/Abandoned_Building/Material_Instances/MI_AbandonedBuilding_09.uasset" 1700
"D:/Github/HorrorGameMVP/HorrorMVP/Content/Abandoned_Building/Material_Instances/MI_AbandonedBuilding_09.uexp" 1701
"D:/Github/HorrorGameMVP/HorrorMVP/Content/Abandoned_Building/Meshes/SM_AbandonedBuilding_09.ubulk" 1702
"D:/Github/HorrorGameMVP/HorrorMVP/Content/Abandoned_Building/Meshes/SM_AbandonedBuilding_09.uasset" 1703
"D:/Github/HorrorGameMVP/HorrorMVP/Content/Abandoned_Building/Meshes/SM_AbandonedBuilding_09.uexp" 1704
"D:/Github/HorrorGameMVP/HorrorMVP/Content/Abandoned_Building/Textures/T_AbandonedBuilding_02_BC.ubulk" 1705
"D:/Github/HorrorGameMVP/HorrorMVP/Content/Abandoned_Building/Textures/T_AbandonedBuilding_02_BC.uasset" 1706
"D:/Github/HorrorGameMVP/HorrorMVP/Content/Abandoned_Building/Textures/T_AbandonedBuilding_02_BC.uexp" 1707
"D:/Github/HorrorGameMVP/HorrorMVP/Content/Abandoned_Building/Textures/T_AbandonedBuilding_02_AO_R_MT.ubulk" 1708
"D:/Github/HorrorGameMVP/HorrorMVP/Content/Abandoned_Building/Textures/T_AbandonedBuilding_02_AO_R_MT.uasset" 1709
"D:/Github/HorrorGameMVP/HorrorMVP/Content/Abandoned_Building/Textures/T_AbandonedBuilding_02_AO_R_MT.uexp" 1710
"D:/Github/HorrorGameMVP/HorrorMVP/Content/Abandoned_Building/Textures/T_AbandonedBuilding_02_N.ubulk" 1711
"D:/Github/HorrorGameMVP/HorrorMVP/Content/Abandoned_Building/Textures/T_AbandonedBuilding_02_N.uasset" 1712
"D:/Github/HorrorGameMVP/HorrorMVP/Content/Abandoned_Building/Textures/T_AbandonedBuilding_02_N.uexp" 1713
"D:/Github/HorrorGameMVP/HorrorMVP/Content/Abandoned_Building/Material_Instances/MI_AbandonedBuilding_02.uasset" 1714
"D:/Github/HorrorGameMVP/HorrorMVP/Content/Abandoned_Building/Material_Instances/MI_AbandonedBuilding_02.uexp" 1715
"D:/Github/HorrorGameMVP/HorrorMVP/Content/Abandoned_Building/Meshes/SM_AbandonedBuilding_02.ubulk" 1716
"D:/Github/HorrorGameMVP/HorrorMVP/Content/Abandoned_Building/Meshes/SM_AbandonedBuilding_02.uasset" 1717
"D:/Github/HorrorGameMVP/HorrorMVP/Content/Abandoned_Building/Meshes/SM_AbandonedBuilding_02.uexp" 1718
"D:/Github/HorrorGameMVP/HorrorMVP/Content/Abandoned_Building/Textures/T_Plant_Bark_00_BC.ubulk" 1719
"D:/Github/HorrorGameMVP/HorrorMVP/Content/Abandoned_Building/Textures/T_Plant_Bark_00_BC.uasset" 1720
"D:/Github/HorrorGameMVP/HorrorMVP/Content/Abandoned_Building/Textures/T_Plant_Bark_00_BC.uexp" 1721
"D:/Github/HorrorGameMVP/HorrorMVP/Content/Abandoned_Building/Textures/T_Plant_Bark_00_OCC.ubulk" 1722
"D:/Github/HorrorGameMVP/HorrorMVP/Content/Abandoned_Building/Textures/T_Plant_Bark_00_OCC.uasset" 1723
"D:/Github/HorrorGameMVP/HorrorMVP/Content/Abandoned_Building/Textures/T_Plant_Bark_00_OCC.uexp" 1724
"D:/Github/HorrorGameMVP/HorrorMVP/Content/Abandoned_Building/Textures/T_Plant_Bark_00_R.ubulk" 1725
"D:/Github/HorrorGameMVP/HorrorMVP/Content/Abandoned_Building/Textures/T_Plant_Bark_00_R.uasset" 1726
"D:/Github/HorrorGameMVP/HorrorMVP/Content/Abandoned_Building/Textures/T_Plant_Bark_00_R.uexp" 1727
"D:/Github/HorrorGameMVP/HorrorMVP/Content/Abandoned_Building/Textures/T_Plant_Bark_00_N.ubulk" 1728
"D:/Github/HorrorGameMVP/HorrorMVP/Content/Abandoned_Building/Textures/T_Plant_Bark_00_N.uasset" 1729
"D:/Github/HorrorGameMVP/HorrorMVP/Content/Abandoned_Building/Textures/T_Plant_Bark_00_N.uexp" 1730
"D:/Github/HorrorGameMVP/HorrorMVP/Content/Abandoned_Building/Textures/T_Plant_Bark_00_H.ubulk" 1731
"D:/Github/HorrorGameMVP/HorrorMVP/Content/Abandoned_Building/Textures/T_Plant_Bark_00_H.uasset" 1732
"D:/Github/HorrorGameMVP/HorrorMVP/Content/Abandoned_Building/Textures/T_Plant_Bark_00_H.uexp" 1733
"D:/Github/HorrorGameMVP/HorrorMVP/Content/Abandoned_Building/Materials/M_Bark.uasset" 1734
"D:/Github/HorrorGameMVP/HorrorMVP/Content/Abandoned_Building/Materials/M_Bark.uexp" 1735
"D:/Github/HorrorGameMVP/HorrorMVP/Content/Abandoned_Building/Materials/MI_Bark.uasset" 1736
"D:/Github/HorrorGameMVP/HorrorMVP/Content/Abandoned_Building/Materials/MI_Bark.uexp" 1737
"D:/Github/HorrorGameMVP/HorrorMVP/Content/Abandoned_Building/Textures/T_Leaf_00_N.uasset" 1738
"D:/Github/HorrorGameMVP/HorrorMVP/Content/Abandoned_Building/Textures/T_Leaf_00_N.uexp" 1739
"D:/Github/HorrorGameMVP/HorrorMVP/Content/Abandoned_Building/Textures/T_Leaf_00_BC.uasset" 1740
"D:/Github/HorrorGameMVP/HorrorMVP/Content/Abandoned_Building/Textures/T_Leaf_00_BC.uexp" 1741
"D:/Github/HorrorGameMVP/HorrorMVP/Content/Abandoned_Building/Textures/T_Leaf_00_AO_R_TM.uasset" 1742
"D:/Github/HorrorGameMVP/HorrorMVP/Content/Abandoned_Building/Textures/T_Leaf_00_AO_R_TM.uexp" 1743
"D:/Github/HorrorGameMVP/HorrorMVP/Content/Abandoned_Building/Materials/M_Vegetation.uasset" 1744
"D:/Github/HorrorGameMVP/HorrorMVP/Content/Abandoned_Building/Materials/M_Vegetation.uexp" 1745
"D:/Github/HorrorGameMVP/HorrorMVP/Content/Abandoned_Building/Materials/MI_Vegetation.uasset" 1746
"D:/Github/HorrorGameMVP/HorrorMVP/Content/Abandoned_Building/Materials/MI_Vegetation.uexp" 1747
"D:/Github/HorrorGameMVP/HorrorMVP/Content/Abandoned_Building/Meshes/SM_Ivy_Corner_00.ubulk" 1748
"D:/Github/HorrorGameMVP/HorrorMVP/Content/Abandoned_Building/Meshes/SM_Ivy_Corner_00.uasset" 1749
"D:/Github/HorrorGameMVP/HorrorMVP/Content/Abandoned_Building/Meshes/SM_Ivy_Corner_00.uexp" 1750
"D:/Github/HorrorGameMVP/HorrorMVP/Content/Abandoned_Building/Textures/T_AbandonedBuilding_01_BC.ubulk" 1751
"D:/Github/HorrorGameMVP/HorrorMVP/Content/Abandoned_Building/Textures/T_AbandonedBuilding_01_BC.uasset" 1752
"D:/Github/HorrorGameMVP/HorrorMVP/Content/Abandoned_Building/Textures/T_AbandonedBuilding_01_BC.uexp" 1753
"D:/Github/HorrorGameMVP/HorrorMVP/Content/Abandoned_Building/Textures/T_AbandonedBuilding_01_AO_R_MT.ubulk" 1754
"D:/Github/HorrorGameMVP/HorrorMVP/Content/Abandoned_Building/Textures/T_AbandonedBuilding_01_AO_R_MT.uasset" 1755
"D:/Github/HorrorGameMVP/HorrorMVP/Content/Abandoned_Building/Textures/T_AbandonedBuilding_01_AO_R_MT.uexp" 1756
"D:/Github/HorrorGameMVP/HorrorMVP/Content/Abandoned_Building/Textures/T_AbandonedBuilding_01_N.ubulk" 1757
"D:/Github/HorrorGameMVP/HorrorMVP/Content/Abandoned_Building/Textures/T_AbandonedBuilding_01_N.uasset" 1758
"D:/Github/HorrorGameMVP/HorrorMVP/Content/Abandoned_Building/Textures/T_AbandonedBuilding_01_N.uexp" 1759
"D:/Github/HorrorGameMVP/HorrorMVP/Content/Abandoned_Building/Material_Instances/MI_AbandonedBuilding_01.uasset" 1760
"D:/Github/HorrorGameMVP/HorrorMVP/Content/Abandoned_Building/Material_Instances/MI_AbandonedBuilding_01.uexp" 1761
"D:/Github/HorrorGameMVP/HorrorMVP/Content/Abandoned_Building/Meshes/SM_AbandonedBuilding_01.ubulk" 1762
"D:/Github/HorrorGameMVP/HorrorMVP/Content/Abandoned_Building/Meshes/SM_AbandonedBuilding_01.uasset" 1763
"D:/Github/HorrorGameMVP/HorrorMVP/Content/Abandoned_Building/Meshes/SM_AbandonedBuilding_01.uexp" 1764
"D:/Github/HorrorGameMVP/HorrorMVP/Content/Abandoned_Building/Material_Instances/MI_AbandonedBuilding_00.uasset" 1765
"D:/Github/HorrorGameMVP/HorrorMVP/Content/Abandoned_Building/Material_Instances/MI_AbandonedBuilding_00.uexp" 1766
"D:/Github/HorrorGameMVP/HorrorMVP/Content/Abandoned_Building/Meshes/SM_AbandonedBuilding_00.ubulk" 1767
"D:/Github/HorrorGameMVP/HorrorMVP/Content/Abandoned_Building/Meshes/SM_AbandonedBuilding_00.uasset" 1768
"D:/Github/HorrorGameMVP/HorrorMVP/Content/Abandoned_Building/Meshes/SM_AbandonedBuilding_00.uexp" 1769
"D:/Github/HorrorGameMVP/HorrorMVP/Content/Abandoned_Building/Textures/T_Object_03_BC.ubulk" 1770
"D:/Github/HorrorGameMVP/HorrorMVP/Content/Abandoned_Building/Textures/T_Object_03_BC.uasset" 1771
"D:/Github/HorrorGameMVP/HorrorMVP/Content/Abandoned_Building/Textures/T_Object_03_BC.uexp" 1772
"D:/Github/HorrorGameMVP/HorrorMVP/Content/Abandoned_Building/Textures/T_Object_03_AO_R_MT.ubulk" 1773
"D:/Github/HorrorGameMVP/HorrorMVP/Content/Abandoned_Building/Textures/T_Object_03_AO_R_MT.uasset" 1774
"D:/Github/HorrorGameMVP/HorrorMVP/Content/Abandoned_Building/Textures/T_Object_03_AO_R_MT.uexp" 1775
"D:/Github/HorrorGameMVP/HorrorMVP/Content/Abandoned_Building/Textures/T_Object_03_N.ubulk" 1776
"D:/Github/HorrorGameMVP/HorrorMVP/Content/Abandoned_Building/Textures/T_Object_03_N.uasset" 1777
"D:/Github/HorrorGameMVP/HorrorMVP/Content/Abandoned_Building/Textures/T_Object_03_N.uexp" 1778
"D:/Github/HorrorGameMVP/HorrorMVP/Content/Abandoned_Building/Material_Instances/MI_Object_03.uasset" 1779
"D:/Github/HorrorGameMVP/HorrorMVP/Content/Abandoned_Building/Material_Instances/MI_Object_03.uexp" 1780
"D:/Github/HorrorGameMVP/HorrorMVP/Content/Abandoned_Building/Meshes/SM_Object_03.ubulk" 1781
"D:/Github/HorrorGameMVP/HorrorMVP/Content/Abandoned_Building/Meshes/SM_Object_03.uasset" 1782
"D:/Github/HorrorGameMVP/HorrorMVP/Content/Abandoned_Building/Meshes/SM_Object_03.uexp" 1783
"../../../Engine/Content/BasicShapes/BasicShapeMaterial.uasset" 1784
"../../../Engine/Content/BasicShapes/BasicShapeMaterial.uexp" 1785
"D:/Github/HorrorGameMVP/HorrorMVP/Content/Abandoned_Building/Meshes/SM_Ivy_wall_02.ubulk" 1786
"D:/Github/HorrorGameMVP/HorrorMVP/Content/Abandoned_Building/Meshes/SM_Ivy_wall_02.uasset" 1787
"D:/Github/HorrorGameMVP/HorrorMVP/Content/Abandoned_Building/Meshes/SM_Ivy_wall_02.uexp" 1788
"D:/Github/HorrorGameMVP/HorrorMVP/Content/Abandoned_Building/Textures/T_Object_01_BC.ubulk" 1789
"D:/Github/HorrorGameMVP/HorrorMVP/Content/Abandoned_Building/Textures/T_Object_01_BC.uasset" 1790
"D:/Github/HorrorGameMVP/HorrorMVP/Content/Abandoned_Building/Textures/T_Object_01_BC.uexp" 1791
"D:/Github/HorrorGameMVP/HorrorMVP/Content/Abandoned_Building/Textures/T_Object_01_AO_R_MT.ubulk" 1792
"D:/Github/HorrorGameMVP/HorrorMVP/Content/Abandoned_Building/Textures/T_Object_01_AO_R_MT.uasset" 1793
"D:/Github/HorrorGameMVP/HorrorMVP/Content/Abandoned_Building/Textures/T_Object_01_AO_R_MT.uexp" 1794
"D:/Github/HorrorGameMVP/HorrorMVP/Content/Abandoned_Building/Textures/T_Object_01_N.ubulk" 1795
"D:/Github/HorrorGameMVP/HorrorMVP/Content/Abandoned_Building/Textures/T_Object_01_N.uasset" 1796
"D:/Github/HorrorGameMVP/HorrorMVP/Content/Abandoned_Building/Textures/T_Object_01_N.uexp" 1797
"D:/Github/HorrorGameMVP/HorrorMVP/Content/Abandoned_Building/Material_Instances/MI_Object_01.uasset" 1798
"D:/Github/HorrorGameMVP/HorrorMVP/Content/Abandoned_Building/Material_Instances/MI_Object_01.uexp" 1799
"D:/Github/HorrorGameMVP/HorrorMVP/Content/Abandoned_Building/Meshes/SM_Object_01.ubulk" 1800
"D:/Github/HorrorGameMVP/HorrorMVP/Content/Abandoned_Building/Meshes/SM_Object_01.uasset" 1801
"D:/Github/HorrorGameMVP/HorrorMVP/Content/Abandoned_Building/Meshes/SM_Object_01.uexp" 1802
"D:/Github/HorrorGameMVP/HorrorMVP/Content/Abandoned_Building/Textures/T_Object_09_BC.ubulk" 1803
"D:/Github/HorrorGameMVP/HorrorMVP/Content/Abandoned_Building/Textures/T_Object_09_BC.uasset" 1804
"D:/Github/HorrorGameMVP/HorrorMVP/Content/Abandoned_Building/Textures/T_Object_09_BC.uexp" 1805
"D:/Github/HorrorGameMVP/HorrorMVP/Content/Abandoned_Building/Textures/T_Object_09_N.ubulk" 1806
"D:/Github/HorrorGameMVP/HorrorMVP/Content/Abandoned_Building/Textures/T_Object_09_N.uasset" 1807
"D:/Github/HorrorGameMVP/HorrorMVP/Content/Abandoned_Building/Textures/T_Object_09_N.uexp" 1808
"D:/Github/HorrorGameMVP/HorrorMVP/Content/Abandoned_Building/Textures/T_Object_09_AO_R_MT.ubulk" 1809
"D:/Github/HorrorGameMVP/HorrorMVP/Content/Abandoned_Building/Textures/T_Object_09_AO_R_MT.uasset" 1810
"D:/Github/HorrorGameMVP/HorrorMVP/Content/Abandoned_Building/Textures/T_Object_09_AO_R_MT.uexp" 1811
"D:/Github/HorrorGameMVP/HorrorMVP/Content/Abandoned_Building/Material_Instances/MI_Object_09.uasset" 1812
"D:/Github/HorrorGameMVP/HorrorMVP/Content/Abandoned_Building/Material_Instances/MI_Object_09.uexp" 1813
"D:/Github/HorrorGameMVP/HorrorMVP/Content/Abandoned_Building/Meshes/SM_Object_09.ubulk" 1814
"D:/Github/HorrorGameMVP/HorrorMVP/Content/Abandoned_Building/Meshes/SM_Object_09.uasset" 1815
"D:/Github/HorrorGameMVP/HorrorMVP/Content/Abandoned_Building/Meshes/SM_Object_09.uexp" 1816
"D:/Github/HorrorGameMVP/HorrorMVP/Content/Abandoned_Building/Meshes/SM_Ivy_ground_00.ubulk" 1817
"D:/Github/HorrorGameMVP/HorrorMVP/Content/Abandoned_Building/Meshes/SM_Ivy_ground_00.uasset" 1818
"D:/Github/HorrorGameMVP/HorrorMVP/Content/Abandoned_Building/Meshes/SM_Ivy_ground_00.uexp" 1819
"D:/Github/HorrorGameMVP/HorrorMVP/Content/Abandoned_Building/Meshes/SM_AbandonedBuilding_04.ubulk" 1820
"D:/Github/HorrorGameMVP/HorrorMVP/Content/Abandoned_Building/Meshes/SM_AbandonedBuilding_04.uasset" 1821
"D:/Github/HorrorGameMVP/HorrorMVP/Content/Abandoned_Building/Meshes/SM_AbandonedBuilding_04.uexp" 1822
"D:/Github/HorrorGameMVP/HorrorMVP/Content/Abandoned_Building/Material_Instances/M_Cubes.uasset" 1823
"D:/Github/HorrorGameMVP/HorrorMVP/Content/Abandoned_Building/Material_Instances/M_Cubes.uexp" 1824
"D:/Github/HorrorGameMVP/HorrorMVP/Content/Abandoned_Building/Textures/T_AbandonedBuilding_03_N.ubulk" 1825
"D:/Github/HorrorGameMVP/HorrorMVP/Content/Abandoned_Building/Textures/T_AbandonedBuilding_03_N.uasset" 1826
"D:/Github/HorrorGameMVP/HorrorMVP/Content/Abandoned_Building/Textures/T_AbandonedBuilding_03_N.uexp" 1827
"D:/Github/HorrorGameMVP/HorrorMVP/Content/Abandoned_Building/Textures/T_AbandonedBuilding_03_AO_R_MT.ubulk" 1828
"D:/Github/HorrorGameMVP/HorrorMVP/Content/Abandoned_Building/Textures/T_AbandonedBuilding_03_AO_R_MT.uasset" 1829
"D:/Github/HorrorGameMVP/HorrorMVP/Content/Abandoned_Building/Textures/T_AbandonedBuilding_03_AO_R_MT.uexp" 1830
"D:/Github/HorrorGameMVP/HorrorMVP/Content/Abandoned_Building/Textures/T_AbandonedBuilding_03_BC.ubulk" 1831
"D:/Github/HorrorGameMVP/HorrorMVP/Content/Abandoned_Building/Textures/T_AbandonedBuilding_03_BC.uasset" 1832
"D:/Github/HorrorGameMVP/HorrorMVP/Content/Abandoned_Building/Textures/T_AbandonedBuilding_03_BC.uexp" 1833
"D:/Github/HorrorGameMVP/HorrorMVP/Content/Abandoned_Building/Material_Instances/MI_AbandonedBuilding_03.uasset" 1834
"D:/Github/HorrorGameMVP/HorrorMVP/Content/Abandoned_Building/Material_Instances/MI_AbandonedBuilding_03.uexp" 1835
"D:/Github/HorrorGameMVP/HorrorMVP/Content/Abandoned_Building/Meshes/SM_AbandonedBuilding_03.ubulk" 1836
"D:/Github/HorrorGameMVP/HorrorMVP/Content/Abandoned_Building/Meshes/SM_AbandonedBuilding_03.uasset" 1837
"D:/Github/HorrorGameMVP/HorrorMVP/Content/Abandoned_Building/Meshes/SM_AbandonedBuilding_03.uexp" 1838
"D:/Github/HorrorGameMVP/HorrorMVP/Content/Abandoned_Building/Textures/T_AbandonedBuilding_05_N_00.ubulk" 1839
"D:/Github/HorrorGameMVP/HorrorMVP/Content/Abandoned_Building/Textures/T_AbandonedBuilding_05_N_00.uasset" 1840
"D:/Github/HorrorGameMVP/HorrorMVP/Content/Abandoned_Building/Textures/T_AbandonedBuilding_05_N_00.uexp" 1841
"D:/Github/HorrorGameMVP/HorrorMVP/Content/Abandoned_Building/Textures/T_AbandonedBuilding_05_BC_00.ubulk" 1842
"D:/Github/HorrorGameMVP/HorrorMVP/Content/Abandoned_Building/Textures/T_AbandonedBuilding_05_BC_00.uasset" 1843
"D:/Github/HorrorGameMVP/HorrorMVP/Content/Abandoned_Building/Textures/T_AbandonedBuilding_05_BC_00.uexp" 1844
"D:/Github/HorrorGameMVP/HorrorMVP/Content/Abandoned_Building/Material_Instances/MI_AbandonedBuilding_05_00.uasset" 1845
"D:/Github/HorrorGameMVP/HorrorMVP/Content/Abandoned_Building/Material_Instances/MI_AbandonedBuilding_05_00.uexp" 1846
"D:/Github/HorrorGameMVP/HorrorMVP/Content/Abandoned_Building/Meshes/SM_AbandonedBuilding_05.ubulk" 1847
"D:/Github/HorrorGameMVP/HorrorMVP/Content/Abandoned_Building/Meshes/SM_AbandonedBuilding_05.uasset" 1848
"D:/Github/HorrorGameMVP/HorrorMVP/Content/Abandoned_Building/Meshes/SM_AbandonedBuilding_05.uexp" 1849
"D:/Github/HorrorGameMVP/HorrorMVP/Content/Abandoned_Building/Textures/T_AbandonedBuilding_06_AO_R_MT.ubulk" 1850
"D:/Github/HorrorGameMVP/HorrorMVP/Content/Abandoned_Building/Textures/T_AbandonedBuilding_06_AO_R_MT.uasset" 1851
"D:/Github/HorrorGameMVP/HorrorMVP/Content/Abandoned_Building/Textures/T_AbandonedBuilding_06_AO_R_MT.uexp" 1852
"D:/Github/HorrorGameMVP/HorrorMVP/Content/Abandoned_Building/Textures/T_AbandonedBuilding_06_N.ubulk" 1853
"D:/Github/HorrorGameMVP/HorrorMVP/Content/Abandoned_Building/Textures/T_AbandonedBuilding_06_N.uasset" 1854
"D:/Github/HorrorGameMVP/HorrorMVP/Content/Abandoned_Building/Textures/T_AbandonedBuilding_06_N.uexp" 1855
"D:/Github/HorrorGameMVP/HorrorMVP/Content/Abandoned_Building/Textures/T_AbandonedBuilding_06_BC.ubulk" 1856
"D:/Github/HorrorGameMVP/HorrorMVP/Content/Abandoned_Building/Textures/T_AbandonedBuilding_06_BC.uasset" 1857
"D:/Github/HorrorGameMVP/HorrorMVP/Content/Abandoned_Building/Textures/T_AbandonedBuilding_06_BC.uexp" 1858
"D:/Github/HorrorGameMVP/HorrorMVP/Content/Abandoned_Building/Material_Instances/MI_AbandonedBuilding_06.uasset" 1859
"D:/Github/HorrorGameMVP/HorrorMVP/Content/Abandoned_Building/Material_Instances/MI_AbandonedBuilding_06.uexp" 1860
"D:/Github/HorrorGameMVP/HorrorMVP/Content/Abandoned_Building/Meshes/SM_AbandonedBuilding_06.ubulk" 1861
"D:/Github/HorrorGameMVP/HorrorMVP/Content/Abandoned_Building/Meshes/SM_AbandonedBuilding_06.uasset" 1862
"D:/Github/HorrorGameMVP/HorrorMVP/Content/Abandoned_Building/Meshes/SM_AbandonedBuilding_06.uexp" 1863
"D:/Github/HorrorGameMVP/HorrorMVP/Content/Abandoned_Building/Meshes/SM_Garbige_05.ubulk" 1864
"D:/Github/HorrorGameMVP/HorrorMVP/Content/Abandoned_Building/Meshes/SM_Garbige_05.uasset" 1865
"D:/Github/HorrorGameMVP/HorrorMVP/Content/Abandoned_Building/Meshes/SM_Garbige_05.uexp" 1866
"D:/Github/HorrorGameMVP/HorrorMVP/Content/Abandoned_Building/Meshes/SM_Garbige_00.ubulk" 1867
"D:/Github/HorrorGameMVP/HorrorMVP/Content/Abandoned_Building/Meshes/SM_Garbige_00.uasset" 1868
"D:/Github/HorrorGameMVP/HorrorMVP/Content/Abandoned_Building/Meshes/SM_Garbige_00.uexp" 1869
"D:/Github/HorrorGameMVP/HorrorMVP/Content/Abandoned_Building/Textures/T_AbandonedBuilding_08_AO_R_MT.ubulk" 1870
"D:/Github/HorrorGameMVP/HorrorMVP/Content/Abandoned_Building/Textures/T_AbandonedBuilding_08_AO_R_MT.uasset" 1871
"D:/Github/HorrorGameMVP/HorrorMVP/Content/Abandoned_Building/Textures/T_AbandonedBuilding_08_AO_R_MT.uexp" 1872
"D:/Github/HorrorGameMVP/HorrorMVP/Content/Abandoned_Building/Textures/T_AbandonedBuilding_08_BC.ubulk" 1873
"D:/Github/HorrorGameMVP/HorrorMVP/Content/Abandoned_Building/Textures/T_AbandonedBuilding_08_BC.uasset" 1874
"D:/Github/HorrorGameMVP/HorrorMVP/Content/Abandoned_Building/Textures/T_AbandonedBuilding_08_BC.uexp" 1875
"D:/Github/HorrorGameMVP/HorrorMVP/Content/Abandoned_Building/Textures/T_AbandonedBuilding_08_N.ubulk" 1876
"D:/Github/HorrorGameMVP/HorrorMVP/Content/Abandoned_Building/Textures/T_AbandonedBuilding_08_N.uasset" 1877
"D:/Github/HorrorGameMVP/HorrorMVP/Content/Abandoned_Building/Textures/T_AbandonedBuilding_08_N.uexp" 1878
"D:/Github/HorrorGameMVP/HorrorMVP/Content/Abandoned_Building/Material_Instances/MI_AbandonedBuilding_08.uasset" 1879
"D:/Github/HorrorGameMVP/HorrorMVP/Content/Abandoned_Building/Material_Instances/MI_AbandonedBuilding_08.uexp" 1880
"D:/Github/HorrorGameMVP/HorrorMVP/Content/Abandoned_Building/Meshes/SM_AbandonedBuilding_08.ubulk" 1881
"D:/Github/HorrorGameMVP/HorrorMVP/Content/Abandoned_Building/Meshes/SM_AbandonedBuilding_08.uasset" 1882
"D:/Github/HorrorGameMVP/HorrorMVP/Content/Abandoned_Building/Meshes/SM_AbandonedBuilding_08.uexp" 1883
"D:/Github/HorrorGameMVP/HorrorMVP/Content/Abandoned_Building/Textures/T_Sticks_Large_04_BC.ubulk" 1884
"D:/Github/HorrorGameMVP/HorrorMVP/Content/Abandoned_Building/Textures/T_Sticks_Large_04_BC.uasset" 1885
"D:/Github/HorrorGameMVP/HorrorMVP/Content/Abandoned_Building/Textures/T_Sticks_Large_04_BC.uexp" 1886
"D:/Github/HorrorGameMVP/HorrorMVP/Content/Abandoned_Building/Textures/T_Sticks_Large_04_AO_R_MT.ubulk" 1887
"D:/Github/HorrorGameMVP/HorrorMVP/Content/Abandoned_Building/Textures/T_Sticks_Large_04_AO_R_MT.uasset" 1888
"D:/Github/HorrorGameMVP/HorrorMVP/Content/Abandoned_Building/Textures/T_Sticks_Large_04_AO_R_MT.uexp" 1889
"D:/Github/HorrorGameMVP/HorrorMVP/Content/Abandoned_Building/Materials/MI_Sticks_Large_04.uasset" 1890
"D:/Github/HorrorGameMVP/HorrorMVP/Content/Abandoned_Building/Materials/MI_Sticks_Large_04.uexp" 1891
"D:/Github/HorrorGameMVP/HorrorMVP/Content/Abandoned_Building/Meshes/SM_Sticks_Large_04.ubulk" 1892
"D:/Github/HorrorGameMVP/HorrorMVP/Content/Abandoned_Building/Meshes/SM_Sticks_Large_04.uasset" 1893
"D:/Github/HorrorGameMVP/HorrorMVP/Content/Abandoned_Building/Meshes/SM_Sticks_Large_04.uexp" 1894
"D:/Github/HorrorGameMVP/HorrorMVP/Content/Abandoned_Building/Levels/TestMap1.uexp" 1895
"D:/Github/HorrorGameMVP/HorrorMVP/Content/Abandoned_Building/Levels/TestMap1.umap" 1896
"../../../Engine/Content/Maps/Entry_BuiltData.uasset" 1897
"../../../Engine/Content/Maps/Entry_BuiltData.uexp" 1898
"../../../Engine/Content/Maps/Entry.uexp" 1899
"../../../Engine/Content/Maps/Entry.umap" 1900
